Degree,ID,Curriculum,Field of studies,ECTS Credits,Semester,Curriculum Link,Modulhandbuch Link
04 TopMath Promotion,084,Mathe. mit zusätzl. Promo.stg. Mathe. - Promotion (kA/20191),Mathematics,,8,,
05 Partial doctorate,419,Aerospace Engineering (kA/0),Aviation and Aerospace Engineering,,6,,
05 Partial doctorate,722,Agric. Science and Hort. Science (kA/0),Agricultural Studies/Farming,,6,https://campus.tum.de/wbstpcs.showSpoTree?pStStudiumNr=&pSJNr=1621&pStpStpNr=3819&pStartSemester=,
05 Partial doctorate,701,Agricultural Studies (kA/0),Agricultural Studies/Farming,6,6,https://campus.tum.de/wbstpcs.showSpoTree?pStStudiumNr=&pSJNr=1621&pStpStpNr=4094&pStartSemester=,
05 Partial doctorate,350,Architecture (kA/0),Architecture,,6,https://campus.tum.de/wbstpcs.showSpoTree?pStStudiumNr=&pSJNr=1621&pStpStpNr=2550&pStartSemester=,
05 Partial doctorate,105,Biochemistry (kA/0),Biochemistry,,6,https://campus.tum.de/wbstpcs.showSpoTree?pStStudiumNr=&pSJNr=1621&pStpStpNr=4127&pStartSemester=,
05 Partial doctorate,042,Bioinformatics (kA/0; sb bis 30.09.2050),Computer Science,,6,https://campus.tum.de/wbstpcs.showSpoTree?pStStudiumNr=&pSJNr=1621&pStpStpNr=4234&pStartSemester=,
05 Partial doctorate,110,Biology (kA/0; sb bis 30.09.2030),Biology,,6,https://campus.tum.de/wbstpcs.showSpoTree?pStStudiumNr=&pSJNr=1621&pStpStpNr=2897&pStartSemester=,
05 Partial doctorate,800,Brewing/Beverage Technology (kA/0),Brewing/Beverage Technology,,6,https://campus.tum.de/wbstpcs.showSpoTree?pStStudiumNr=&pSJNr=1621&pStpStpNr=4128&pStartSemester=,
05 Partial doctorate,415,Chemical Engineering (kA/0),Chemical Engineering,,6,https://campus.tum.de/wbstpcs.showSpoTree?pStStudiumNr=&pSJNr=1621&pStpStpNr=4160&pStartSemester=,
05 Partial doctorate,100,Chemistry (kA/0),Chemistry,,6,https://campus.tum.de/wbstpcs.showSpoTree?pStStudiumNr=&pSJNr=1621&pStpStpNr=2551&pStartSemester=,
05 Partial doctorate,310,Civil Engineering (kA/0),Civil Engineering/Construction Engineering,,6,,
05 Partial doctorate,411,Engineering Science (kA/0),Interdisciplinary Studies (focus area: Engineering Studies),,6,,
05 Partial doctorate,457,Environmental Engineering (kA/0),Civil Engineering/Construction Engineering,,6,https://campus.tum.de/wbstpcs.showSpoTree?pStStudiumNr=&pSJNr=1621&pStpStpNr=4396&pStartSemester=,
05 Partial doctorate,713,Environmental Planning and Engineer Ecology (kA/0),Land Management Engineering/Landscape Design,,6,https://campus.tum.de/wbstpcs.showSpoTree?pStStudiumNr=&pSJNr=1621&pStpStpNr=4415&pStartSemester=,
05 Partial doctorate,830,Food Technology and Biotechnology (kA/0; sb bis 30.09.2030),Food Technology,,6,https://campus.tum.de/wbstpcs.showSpoTree?pStStudiumNr=&pSJNr=1621&pStpStpNr=2984&pStartSemester=,
05 Partial doctorate,750,Forestry Science (kA/0; sb bis 30.09.2039),Forestry / Forestry Science,,6,https://campus.tum.de/wbstpcs.showSpoTree?pStStudiumNr=&pSJNr=1621&pStpStpNr=3371&pStartSemester=,
05 Partial doctorate,130,Geology (kA/0),Geology/Paleontology,,6,,
05 Partial doctorate,030,Informatics (kA/0; sb bis 30.09.2039),Computer Science,,6,https://campus.tum.de/wbstpcs.showSpoTree?pStStudiumNr=&pSJNr=1621&pStpStpNr=2803&pStartSemester=,
05 Partial doctorate,746,Landscape Architecture and Planning (kA/0),Land Management Engineering/Landscape Design,,6,https://campus.tum.de/wbstpcs.showSpoTree?pStStudiumNr=&pSJNr=1621&pStpStpNr=4090&pStartSemester=,
05 Partial doctorate,256,Management & Technology (kA/0; sb bis 30.09.2039),Business Studies,,8,https://campus.tum.de/wbstpcs.showSpoTree?pStStudiumNr=&pSJNr=1621&pStpStpNr=2802&pStartSemester=,
05 Partial doctorate,332,Mapping and Geological Information (kA/0),Surveying and Mapping,,6,,
05 Partial doctorate,401,Mechanical Engineering (kA/0),Mechanical Engineering,,6,https://campus.tum.de/wbstpcs.showSpoTree?pStStudiumNr=&pSJNr=1621&pStpStpNr=2636&pStartSemester=,
05 Partial doctorate,900,Medicine (kA/0),Medicine (General Medicine),,6,https://campus.tum.de/wbstpcs.showSpoTree?pStStudiumNr=&pSJNr=1621&pStpStpNr=3076&pStartSemester=,
05 Partial doctorate,761,Nutritional Science (kA/0; sb bis 30.09.2030),Household and Nutritional Science,,6,https://campus.tum.de/wbstpcs.showSpoTree?pStStudiumNr=&pSJNr=1621&pStpStpNr=2993&pStartSemester=,
05 Partial doctorate,051,Physics (kA/0; sb bis 30.09.2036),Physics,,6,,
05 Partial doctorate,291,Sports Science (kA/0; sb bis 30.09.2050),Sports Science,,6,https://campus.tum.de/wbstpcs.showSpoTree?pStStudiumNr=&pSJNr=1621&pStpStpNr=3089&pStartSemester=,
05 Partial doctorate,754,Sustainable Resource Management (kA/0),Nature Conservation,,6,https://campus.tum.de/wbstpcs.showSpoTree?pStStudiumNr=&pSJNr=1621&pStpStpNr=4370&pStartSemester=,
05 Partial doctorate,610,TUM School of Education (kA/0),Educational Science,,8,,
06 Doctorate,613,"Civil, Geo and Environmental Engineering (Civil Engineering) (kA/0)",Civil Engineering/Construction Engineering,,8,,
06 Doctorate,615,"Civil, Geo and Environmental Engineering (Geosciences) (kA/0)",Geoscience,,8,,
06 Doctorate,618,Department of Architecture (Architecture) (kA/0),Architecture,,8,,
06 Doctorate,619,Department of Architecture (Landscape Architecture) (kA/0),Land Management Engineering/Landscape Design,,8,,
06 Doctorate,616,Department of Chemistry (Chemistry) (kA/0),Chemistry,,8,,
06 Doctorate,617,Department of Chemistry (Food Chemistry) (kA/0),Food Chemistry,,8,,
06 Doctorate,605,Department of Electrical and Computer Engineering (kA/0),Electrical Engineering/Electronics,,8,,
06 Doctorate,606,Department of Informatics (kA/0),Computer Science,,8,,
06 Doctorate,601,Department of Mathematics (kA/0),Mathematics,,8,,
06 Doctorate,604,Department of Mechanical Engineering (kA/0),Mechanical Engineering,,8,,
06 Doctorate,602,Department of Physics (kA/0),Physics,,8,https://campus.tum.de/wbstpcs.showSpoTree?pStStudiumNr=&pSJNr=1621&pStpStpNr=4529&pStartSemester=,
06 Doctorate,979,Gastpromotion (kA/20171),others,,6,,
06 Doctorate,914,Gastpromotion (CH) (kA/20181),Chemistry,,8,,
06 Doctorate,691,Gastpromotion (CIT-EI) (kA/20211),Electrical Engineering/Electronics,,8,,
06 Doctorate,692,Gastpromotion (CIT-IN) (kA/20211),Computer Science,,8,,
06 Doctorate,693,Gastpromotion (CIT-MA) (kA/20211),Mathematics,,8,,
06 Doctorate,680,Gastpromotion (ED - Mechanical Eng.) (kA/20211),Mechanical Engineering,,8,,
06 Doctorate,919,Gastpromotion (EI) (kA/20181),Electrical Engineering/Electronics,,8,,
06 Doctorate,920,Gastpromotion (IN) (kA/20181),Computer Science,,8,,
06 Doctorate,912,Gastpromotion (MA) (kA/20181),Mathematics,,8,,
06 Doctorate,921,Gastpromotion (ME) (kA/20181),Medicine (General Medicine),,8,,
06 Doctorate,695,Gastpromotion (MH-Medicine) (kA/20211),Medicine (General Medicine),,8,,
06 Doctorate,696,Gastpromotion (MH-Sport) (kA/20211),Sports Science,,8,,
06 Doctorate,690,Gastpromotion (NAT-Chemistry) (kA/20211),Chemistry,,8,,
06 Doctorate,694,Gastpromotion (NAT-PH) (kA/20211),Physics,,8,,
06 Doctorate,913,Gastpromotion (PH) (kA/20181),Physics,,8,https://campus.tum.de/wbstpcs.showSpoTree?pStStudiumNr=&pSJNr=1621&pStpStpNr=4752&pStartSemester=,
06 Doctorate,922,Gastpromotion (SG) (kA/20181),Sports Science,,3,,
06 Doctorate,925,Gastpromotion (TUMCS) (kA/20241),Biotechnology,,8,,
06 Doctorate,675,Guest Doctorate (ED - Architecture) (kA/20211),Architecture,,8,,
06 Doctorate,676,Guest Doctorate (ED - Civil Eng.) (kA/20211),Civil Engineering/Construction Engineering,,8,,
06 Doctorate,679,Guest Doctorate (ED - LRG) (kA/20211),Aviation and Aerospace Engineering,,8,,
06 Doctorate,682,Guest Doctorate (LS) (kA/20211),Agricultural Studies/Farming,,8,,
06 Doctorate,681,Guest Doctorate (MGT) (kA/20211; sb bis 30.09.2050),Business Sciences,,8,,
06 Doctorate,677,Guest Doctorate (SOT - Education) (kA/20211),Educational Science,,8,,
06 Doctorate,678,Guest Doctorate (SOT - Governance) (kA/20211),Political Science,,8,,
06 Doctorate,929,Guest Doctorate (TUM School of Engineering and Design - Aerospace and Geodesy) (kA/20191),Aviation and Aerospace Engineering,,6,,
06 Doctorate,917,Guest Doctorate (TUM School of Engineering and Design - Architecture) (kA/20171),Architecture,,8,,
06 Doctorate,916,Guest Doctorate (TUM School of Engineering and Design - Civil Eng.) (kA/20181),Civil Engineering/Construction Engineering,,8,,
06 Doctorate,918,Guest Doctorate (TUM School of Engineering and Design - Mechanical Engineering)  (kA/20181),Mechanical Engineering,,8,,
06 Doctorate,928,Guest Doctorate (TUM School of Life Sciences)  (kA/20181),Agricultural Studies/Farming,,8,,
06 Doctorate,915,Guest Doctorate (TUM School of Management)  (kA/20181; sb bis 30.09.2050),Business Sciences,,8,,
06 Doctorate,923,Guest Doctorate (TUM School of Social Sciences and Technology - Education) (kA/20181),Educational Science,,3,,
06 Doctorate,924,Guest Doctorate (TUM School of Social Sciences and Technology - Governance)  (kA/20181),Political Science,,3,,
06 Doctorate,612,Munich Center for Technology in Society (MCTS)   (kA/0),others,,6,,
06 Doctorate,611,Munich School of Engineering (MSE) (kA/0),Interdisciplinary Studies (focus area: Engineering Studies),,8,,
06 Doctorate,115,TUM Campus Straubing (kA/20191),Biotechnology,,8,https://campus.tum.de/wbstpcs.showSpoTree?pStStudiumNr=&pSJNr=1621&pStpStpNr=4850&pStartSemester=,
06 Doctorate,614,TUM Department of Aerospace and Geodesy (Doctorate Program) (kA/0),Aviation and Aerospace Engineering,,8,,
06 Doctorate,683,TUM School of CIT (Electrical-/Computer Engineering) (kA/20211),Electrical Engineering/Electronics,,8,,
06 Doctorate,686,TUM School of CIT (Informatics) (kA/20211),Computer Science,,8,,
06 Doctorate,687,TUM School of CIT (Mathematics) (kA/20211),Mathematics,,8,,
06 Doctorate,671,TUM School of ED (Civil Eng.) (kA/20211),Civil Engineering/Construction Engineering,,8,https://campus.tum.de/wbstpcs.showSpoTree?pStStudiumNr=&pSJNr=1621&pStpStpNr=5047&pStartSemester=,
06 Doctorate,674,TUM School of ED (Eng. Sciences) (kA/20211),Interdisciplinary Studies (focus area: Engineering Studies),,8,https://campus.tum.de/wbstpcs.showSpoTree?pStStudiumNr=&pSJNr=1621&pStpStpNr=5050&pStartSemester=,
06 Doctorate,672,TUM School of ED (Geosc.) (kA/20211),Geoscience,,8,https://campus.tum.de/wbstpcs.showSpoTree?pStStudiumNr=&pSJNr=1621&pStpStpNr=5048&pStartSemester=,
06 Doctorate,610,TUM School of Education (kA/0),Educational Science,,8,,
06 Doctorate,656,TUM School of Engineering and Design (Aerospace) (kA/0),Aviation and Aerospace Engineering,,8,https://campus.tum.de/wbstpcs.showSpoTree?pStStudiumNr=&pSJNr=1621&pStpStpNr=5022&pStartSemester=,
06 Doctorate,659,TUM School of Engineering and Design (Architecture) (kA/20211),Architecture,,8,https://campus.tum.de/wbstpcs.showSpoTree?pStStudiumNr=&pSJNr=1621&pStpStpNr=5035&pStartSemester=,
06 Doctorate,654,TUM School of Engineering and Design (Geodesy) (kA/0),Surveying and Mapping,,8,https://campus.tum.de/wbstpcs.showSpoTree?pStStudiumNr=&pSJNr=1621&pStpStpNr=5020&pStartSemester=,
06 Doctorate,658,TUM School of Engineering and Design (Landscape Architecture) (kA/20211),Land Management Engineering/Landscape Design,,8,https://campus.tum.de/wbstpcs.showSpoTree?pStStudiumNr=&pSJNr=1621&pStpStpNr=5034&pStartSemester=,
06 Doctorate,660,TUM School of Engineering and Design (Mechanical Engineering) (kA/20211),Mechanical Engineering,,8,https://campus.tum.de/wbstpcs.showSpoTree?pStStudiumNr=&pSJNr=1621&pStpStpNr=5036&pStartSemester=,
06 Doctorate,264,TUM School of Governance (kA/20161),Political Science,,8,,
06 Doctorate,624,TUM School of Life Sciences (Forest Science and Resource Management) (kA/0),Forestry / Forestry Science,,8,,
06 Doctorate,625,"TUM School of Life Sciences (Landscape Architecture,Landscape Planning) (kA/0)",Land Management Engineering/Landscape Design,,6,,
06 Doctorate,655,TUM School of Life Sciences (Nature Protection) (kA/0),Nature Conservation,,8,,
06 Doctorate,620,TUM School of Life Sciences Weihenstephan (kA/0),Agricultural Studies/Farming,,8,,
06 Doctorate,621,TUM School of Life Sciences Weihenstephan (Biosiences) (kA/0),Biology,,8,,
06 Doctorate,622,TUM School of Life Sciences Weihenstephan (Brewing and Food Technology) (kA/0),Brewing/Beverage Technology,,8,,
06 Doctorate,626,TUM School of Life Sciences Weihenstephan (Food Chemistry) (kA/0),Food Chemistry,,8,,
06 Doctorate,623,TUM School of Life Sciences Weihenstephan (Nutrition) (kA/0),Household and Nutritional Science,,6,,
06 Doctorate,664,TUM School of LS (Agricult.) (kA/20211),Agricultural Studies/Farming,,8,,
06 Doctorate,665,TUM School of LS (Biosc.) (kA/20211),Biology,,8,,
06 Doctorate,666,TUM School of LS (Brewing) (kA/20211),Brewing/Beverage Technology,,8,,
06 Doctorate,670,TUM School of LS (Food Chemistry) (kA/20211),Food Chemistry,,8,,
06 Doctorate,668,TUM School of LS (Forest) (kA/20211),Forestry / Forestry Science,,8,,
06 Doctorate,669,TUM School of LS (Landscape Arch.) (kA/20211),Land Management Engineering/Landscape Design,,8,,
06 Doctorate,667,TUM School of LS (Nutrition) (kA/20211),Household and Nutritional Science,,8,,
06 Doctorate,603,TUM School of Management (kA/0; sb bis 30.09.2050),Business Sciences,,8,,
06 Doctorate,245,TUM School of Management (Heilbronn) (kA/0; sb bis 30.09.2050),Business Sciences,,8,,
06 Doctorate,657,TUM School of Management (Heilbronn) (kA/202101; sb bis 30.09.2050),Business Sciences,,8,,
06 Doctorate,661,TUM School of Management (München) (kA/20211; sb bis 30.09.2050),Business Sciences,,8,,
06 Doctorate,607,TUM School of Medicine (kA/0),Medicine (General Medicine),,8,,
06 Doctorate,697,TUM School of MH (Health) (kA/20211),Health Education,,8,,
06 Doctorate,688,TUM School of MH (Medicine) (kA/20211),Medicine (General Medicine),,8,,
06 Doctorate,698,TUM School of MH (Sport) (kA/20211),Sports Science,,8,,
06 Doctorate,689,TUM School of NAT (Physics) (kA/20211),Physics,,8,https://campus.tum.de/wbstpcs.showSpoTree?pStStudiumNr=&pSJNr=1621&pStpStpNr=5070&pStartSemester=,
06 Doctorate,684,TUM School of Natural Sciences (Chemistry) (kA/20211),Chemistry,,8,,
06 Doctorate,685,TUM School of Natural Sciences (Food Chemistry) (kA/20211),Food Chemistry,,8,,
06 Doctorate,662,TUM School of Social Sciences and Technology (Education) (kA/20211),Educational Science,,8,,
06 Doctorate,663,TUM School of SOT (Governance) (kA/20211),Political Science,,8,,
06 Doctorate,673,"TUM School of SOT (Sc., Tech. and Soc.) (kA/20211)",others,,8,,
07 Doctor of Philosophy (Ph.D.),906,"Medical Life Science and Technology, Doctor of Philosophy (kA/0; sb bis 30.09.2039)",Medicine (General Medicine),,8,https://campus.tum.de/wbstpcs.showSpoTree?pStStudiumNr=&pSJNr=1621&pStpStpNr=2491&pStartSemester=,
08 State examination / 1st state qualifying exam,902,Clinical Medicine (kA/0; sb bis 30.09.2051),Medicine (General Medicine),,"12,3",https://campus.tum.de/wbstpcs.showSpoTree?pStStudiumNr=&pSJNr=1621&pStpStpNr=2728&pStartSemester=,
08 State examination / 1st state qualifying exam,160,Food Chemistry (kA/0; sb bis 30.09.2051),Food Chemistry,,9,https://campus.tum.de/wbstpcs.showSpoTree?pStStudiumNr=&pSJNr=1621&pStpStpNr=2662&pStartSemester=,
08 State examination / 1st state qualifying exam,911,Medicine (pre-clinical LMU) (kA/0; sb bis 30.09.2050),Medicine (General Medicine),,"12,3",https://campus.tum.de/wbstpcs.showSpoTree?pStStudiumNr=&pSJNr=1621&pStpStpNr=4241&pStartSemester=,
14 Bachelor of Education,110 100,"Biology, Chemistry (kA/20241; sb bis 01.10.2050)",Biology,180,6,https://campus.tum.de/wbstpcs.showSpoTree?pStStudiumNr=&pSJNr=1621&pStpStpNr=5369&pStartSemester=,
14 Bachelor of Education,018 108,"Mathematics, Chemistry (kA/20221; sb bis 01.10.2050)",Mathematics,180,6,https://campus.tum.de/wbstpcs.showSpoTree?pStStudiumNr=&pSJNr=1621&pStpStpNr=5111&pStartSemester=,
14 Bachelor of Education,016 028,"Mathematics, Informatics (kA/20241; sb bis 01.10.2050)",Mathematics,180,6,https://campus.tum.de/wbstpcs.showSpoTree?pStStudiumNr=&pSJNr=1621&pStpStpNr=5373&pStartSemester=,
14 Bachelor of Education,017 054,"Mathematics, Physics (kA/20221; sb bis 01.10.2050)",Mathematics,180,6,https://campus.tum.de/wbstpcs.showSpoTree?pStStudiumNr=&pSJNr=1621&pStpStpNr=5114&pStartSemester=,
14 Bachelor of Education,016 290,"Mathematics, Physical Education (kA/20221; sb bis 01.10.2050)",Mathematics,180,6,https://campus.tum.de/wbstpcs.showSpoTree?pStStudiumNr=&pSJNr=1621&pStpStpNr=5115&pStartSemester=,
14 Bachelor of Education,127 128,"Biology, Computer Science (kA/20241; sb bis 01.10.2050)",Biology,180,6,https://campus.tum.de/wbstpcs.showSpoTree?pStStudiumNr=&pSJNr=1621&pStpStpNr=5370&pStartSemester=,
14 Bachelor of Education,110 028,"Biology, Informatics (kA/20221; sb bis 01.10.2050)",Biology,180,6,https://campus.tum.de/wbstpcs.showSpoTree?pStStudiumNr=&pSJNr=1621&pStpStpNr=5090&pStartSemester=,
16 Master of Science,100,Chemistry (kA/20231),Chemistry,120,4,https://campus.tum.de/wbstpcs.showSpoTree?pStStudiumNr=&pSJNr=1621&pStpStpNr=5186&pStartSemester=,
16 Master of Science,105,Biochemistry (kA/20231),Biochemistry,120,4,https://campus.tum.de/wbstpcs.showSpoTree?pStStudiumNr=&pSJNr=1621&pStpStpNr=5188&pStartSemester=,
16 Master of Science,415,Chemical Engineering (kA/20211),Chemical Engineering,120,4,https://campus.tum.de/wbstpcs.showSpoTree?pStStudiumNr=&pSJNr=1621&pStpStpNr=4949&pStartSemester=,
16 Master of Science,030,Informatics (kA/20231),Computer Science,120,4,https://campus.tum.de/wbstpcs.showSpoTree?pStStudiumNr=&pSJNr=1621&pStpStpNr=5217&pStartSemester=,
16 Master of Science,010,Mathematics (kA/20231),Mathematics,120,4,https://campus.tum.de/wbstpcs.showSpoTree?pStStudiumNr=&pSJNr=1621&pStpStpNr=5244&pStartSemester=,
16 Master of Science,069,Physics (Condensed Matter Physics) (kA/20181),Physics,120,4,https://campus.tum.de/wbstpcs.showSpoTree?pStStudiumNr=&pSJNr=1621&pStpStpNr=4718&pStartSemester=,
16 Master of Science,060,"Informatics (Parttime, 50%) (kA/20231; sb bis 30.09.2030)",Computer Science,120,8,https://campus.tum.de/wbstpcs.showSpoTree?pStStudiumNr=&pSJNr=1621&pStpStpNr=5220&pStartSemester=,
16 Master of Science,061,"Informatics (Parttime, 66%) (kA/20231)",Computer Science,120,6,https://campus.tum.de/wbstpcs.showSpoTree?pStStudiumNr=&pSJNr=1621&pStpStpNr=5221&pStartSemester=,
16 Master of Science,427,Aerospace Engineering (kA/20121),Aviation and Aerospace Engineering,120,4,https://campus.tum.de/wbstpcs.showSpoTree?pStStudiumNr=&pSJNr=1621&pStpStpNr=4298&pStartSemester=,
16 Master of Science,066,"Physics (Nuclear, Particle and Astrophysics) (kA/20181)",Physics,120,4,https://campus.tum.de/wbstpcs.showSpoTree?pStStudiumNr=&pSJNr=1621&pStpStpNr=4724&pStartSemester=,
16 Master of Science,023,Mathematics in Science and Engineering (kA/20191),Technomathematics,120,4,https://campus.tum.de/wbstpcs.showSpoTree?pStStudiumNr=&pSJNr=1621&pStpStpNr=4864&pStartSemester=,
16 Master of Science,024,Mathematical Finance and Actuarial Science (kA/20231),Business Mathematics,120,4,https://campus.tum.de/wbstpcs.showSpoTree?pStStudiumNr=&pSJNr=1621&pStpStpNr=5245&pStartSemester=,
16 Master of Science,026,Mathematics in Operations Research (kA/20141),Business Mathematics,120,4,https://campus.tum.de/wbstpcs.showSpoTree?pStStudiumNr=&pSJNr=1621&pStpStpNr=4406&pStartSemester=,
16 Master of Science,034,Informatics: Games Engineering (kA/20231),Computer Science,120,4,https://campus.tum.de/wbstpcs.showSpoTree?pStStudiumNr=&pSJNr=1621&pStpStpNr=5219&pStartSemester=,
16 Master of Science,068,Physics (Biophysics) (kA/20181),Physics,120,4,https://campus.tum.de/wbstpcs.showSpoTree?pStStudiumNr=&pSJNr=1621&pStpStpNr=4725&pStartSemester=,
16 Master of Science,038,Mathematics in Data Science (kA/20231),Mathematics,120,4,https://campus.tum.de/wbstpcs.showSpoTree?pStStudiumNr=&pSJNr=1621&pStpStpNr=5246&pStartSemester=,
16 Master of Science,042,Bioinformatics (kA/20211),Computer Science,120,4,https://campus.tum.de/wbstpcs.showSpoTree?pStStudiumNr=&pSJNr=1621&pStpStpNr=5000&pStartSemester=,
16 Master of Science,067,Physics (Applied and Engineering Physics) (kA/20181),Physics,120,4,https://campus.tum.de/wbstpcs.showSpoTree?pStStudiumNr=&pSJNr=1621&pStpStpNr=4699&pStartSemester=,
16 Master of Science,048,Data Engineering and Analytics (kA/20181),Computer Science,120,4,https://campus.tum.de/wbstpcs.showSpoTree?pStStudiumNr=&pSJNr=1621&pStpStpNr=4733&pStartSemester=,
16 Master of Science,142,Automotive Software Engineering (kA/20161),Computer Science,120,4,https://campus.tum.de/wbstpcs.showSpoTree?pStStudiumNr=&pSJNr=1621&pStpStpNr=4598&pStartSemester=,
16 Master of Science,055,Theoretical and mathematical Physics (kA/20071; sb bis 30.09.2050),Physics,,4,https://campus.tum.de/wbstpcs.showSpoTree?pStStudiumNr=&pSJNr=1621&pStpStpNr=4240&pStartSemester=,
16 Master of Science,143,Biomedical Computing (kA/20221),Medizinische Informatik,120,4,https://campus.tum.de/wbstpcs.showSpoTree?pStStudiumNr=&pSJNr=1621&pStpStpNr=5128&pStartSemester=,
16 Master of Science,141,"Robotics, Cognition, Intelligence (kA/20241)",Ingenieurinformatik/Technische Informatik,120,4,https://campus.tum.de/wbstpcs.showSpoTree?pStStudiumNr=&pSJNr=1621&pStpStpNr=5271&pStartSemester=,
16 Master of Science,168,Elite Course in Finance and Information Management (kA/0; sb bis 30.09.2039),Business Sciences,,4,https://campus.tum.de/wbstpcs.showSpoTree?pStStudiumNr=&pSJNr=1621&pStpStpNr=3062&pStartSemester=,
16 Master of Science,279,Data & Society (kA/20241),Social Studies,120,4,https://campus.tum.de/wbstpcs.showSpoTree?pStStudiumNr=&pSJNr=1621&pStpStpNr=5364&pStartSemester=,
16 Master of Science,327,Human Factors Engineering (kA/20241),Interdisciplinary Studies (focus area: Engineering Studies),120,4,https://campus.tum.de/wbstpcs.showSpoTree?pStStudiumNr=&pSJNr=1621&pStpStpNr=5260&pStartSemester=,
16 Master of Science,132,Sustainable Energy and Processes (kA/20241),Biotechnology,120,4,https://campus.tum.de/wbstpcs.showSpoTree?pStStudiumNr=&pSJNr=1621&pStpStpNr=5395&pStartSemester=,
16 Master of Science,437,Aerospace (kA/20241),Aviation and Aerospace Engineering,120,4,https://campus.tum.de/wbstpcs.showSpoTree?pStStudiumNr=&pSJNr=1621&pStpStpNr=5344&pStartSemester=,
16 Master of Science,446,Aerospace Engineering (GIST TUM Asia) 	 (kA/20231; sb bis 30.09.2050),Aviation and Aerospace Engineering,120,4,https://campus.tum.de/wbstpcs.showSpoTree?pStStudiumNr=&pSJNr=1621&pStpStpNr=5209&pStartSemester=,
16 Master of Science,718,Agricultural Biosciences (kA/20241),Agricultural Studies/Farming,120,4,https://campus.tum.de/wbstpcs.showSpoTree?pStStudiumNr=&pSJNr=1621&pStpStpNr=5276&pStartSemester=,
16 Master of Science,727,"AgriFood Economics, Policy and Regulation (kA/20241)",Agricultural Studies/Farming,120,4,,
16 Master of Science,709,Agrosystem Sciences (kA/20221),Agricultural Studies/Farming,120,4,https://campus.tum.de/wbstpcs.showSpoTree?pStStudiumNr=&pSJNr=1621&pStpStpNr=5023&pStartSemester=,
16 Master of Science,244,AI in Society (kA/20241),Political Science,120,4,https://campus.tum.de/wbstpcs.showSpoTree?pStStudiumNr=&pSJNr=1621&pStpStpNr=5251&pStartSemester=,
16 Master of Science,438,Automotive Engineering (kA/20241),Mechanical Engineering,120,4,https://campus.tum.de/wbstpcs.showSpoTree?pStStudiumNr=&pSJNr=1621&pStpStpNr=5341&pStartSemester=,
16 Master of Science,983,Bioeconomy (kA/20241),Biotechnology,120,4,,
16 Master of Science,110,Biology (kA/20231),Biology,120,4,https://campus.tum.de/wbstpcs.showSpoTree?pStStudiumNr=&pSJNr=1621&pStpStpNr=5140&pStartSemester=,
16 Master of Science,129,Biomass Technology (kA/20241),Biotechnology,120,4,,
16 Master of Science,065,Biomedical Engineering and Medical Physics (kA/20241),Physics,120,4,https://campus.tum.de/wbstpcs.showSpoTree?pStStudiumNr=&pSJNr=1621&pStpStpNr=5254&pStartSemester=,
16 Master of Science,800,Brewing and Beverage Technology (kA/20221),Brewing/Beverage Technology,120,4,https://campus.tum.de/wbstpcs.showSpoTree?pStStudiumNr=&pSJNr=1621&pStpStpNr=5031&pStartSemester=,
16 Master of Science,134,Cartography (kA/20181),Surveying and Mapping,120,4,https://campus.tum.de/wbstpcs.showSpoTree?pStStudiumNr=&pSJNr=1621&pStpStpNr=4790&pStartSemester=,
16 Master of Science,114,Chemical Biotechnology (kA/20241),Biotechnology,120,4,https://campus.tum.de/wbstpcs.showSpoTree?pStStudiumNr=&pSJNr=1621&pStpStpNr=5349&pStartSemester=,
16 Master of Science,310,Civil Engineering (kA/20231),Civil Engineering/Construction Engineering,120,4,https://campus.tum.de/wbstpcs.showSpoTree?pStStudiumNr=&pSJNr=1621&pStpStpNr=5180&pStartSemester=,
16 Master of Science,521,Communications and Electronics Engineering (kA/20231),Communications Engineering/Information Technology,120,4,https://campus.tum.de/wbstpcs.showSpoTree?pStStudiumNr=&pSJNr=1621&pStpStpNr=5136&pStartSemester=,
16 Master of Science,331,Computational Mechanics (kA/20211),Civil Engineering/Construction Engineering,120,4,https://campus.tum.de/wbstpcs.showSpoTree?pStStudiumNr=&pSJNr=1621&pStpStpNr=4947&pStartSemester=,
16 Master of Science,041,Computational Science and Engineering (kA/20211),Computer Science,120,4,https://campus.tum.de/wbstpcs.showSpoTree?pStStudiumNr=&pSJNr=1621&pStpStpNr=5001&pStartSemester=,
16 Master of Science,064,Computational Science and Engineering (Honours Track) (kA/20161),Computer Science,150,4,https://campus.tum.de/wbstpcs.showSpoTree?pStStudiumNr=&pSJNr=1621&pStpStpNr=4630&pStartSemester=,
16 Master of Science,766,Consumer Science (kA/20251; sb bis 30.09.2050),Business Sciences,120,4,https://campus.tum.de/wbstpcs.showSpoTree?pStStudiumNr=&pSJNr=1621&pStpStpNr=5392&pStartSemester=,
16 Master of Science,429,"Development, Production and Management in Mechanical Engineering (kA/20241)",Mechanical Engineering,120,4,https://campus.tum.de/wbstpcs.showSpoTree?pStStudiumNr=&pSJNr=1621&pStpStpNr=5342&pStartSemester=,
16 Master of Science,046,Earth Oriented Space Science and Technology (kA/20241),Surveying and Mapping,120,4,https://campus.tum.de/wbstpcs.showSpoTree?pStStudiumNr=&pSJNr=1621&pStpStpNr=5348&pStartSemester=,
16 Master of Science,710,Ecological Engineering (kA/20231),Environmental Technology incl. Recycling,120,4,https://campus.tum.de/wbstpcs.showSpoTree?pStStudiumNr=&pSJNr=1621&pStpStpNr=5146&pStartSemester=,
16 Master of Science,716,Ecological Engineering (50%) (kA/20231),Environmental Technology incl. Recycling,120,8,https://campus.tum.de/wbstpcs.showSpoTree?pStStudiumNr=&pSJNr=1621&pStpStpNr=5184&pStartSemester=,
16 Master of Science,717,Ecological Engineering (66%) (kA/20231),Environmental Technology incl. Recycling,120,6,https://campus.tum.de/wbstpcs.showSpoTree?pStStudiumNr=&pSJNr=1621&pStpStpNr=5147&pStartSemester=,
16 Master of Science,500,Electrical and Computer Engineering (kA/20251),Electrical Engineering/Electronics,120,4,https://campus.tum.de/wbstpcs.showSpoTree?pStStudiumNr=&pSJNr=1621&pStpStpNr=5382&pStartSemester=,
16 Master of Science,062,Electrical Engineering and Information Technology (Parttime 50%) (kA/20251),Electrical Engineering/Electronics,120,8,https://campus.tum.de/wbstpcs.showSpoTree?pStStudiumNr=&pSJNr=1621&pStpStpNr=5399&pStartSemester=,
16 Master of Science,063,Electrical Engineering and Information Technology (Parttime 66%) (kA/20251),Electrical Engineering/Electronics,120,6,https://campus.tum.de/wbstpcs.showSpoTree?pStStudiumNr=&pSJNr=1621&pStpStpNr=5400&pStartSemester=,
16 Master of Science,443,Energy and Process Technology (kA/20241),Mechanical Engineering,120,4,https://campus.tum.de/wbstpcs.showSpoTree?pStStudiumNr=&pSJNr=1621&pStpStpNr=5340&pStartSemester=,
16 Master of Science,311,Engineering Geology and Hydrogeology (kA/20241),Geoscience,120,4,,
16 Master of Science,459,Environmental Engineering (kA/20221),Civil Engineering/Construction Engineering,120,4,https://campus.tum.de/wbstpcs.showSpoTree?pStStudiumNr=&pSJNr=1621&pStpStpNr=5027&pStartSemester=,
16 Master of Science,167,Finance and Information Management (FIM) (kA/20241; sb bis 30.09.2050),Business Sciences,120,4,https://campus.tum.de/wbstpcs.showSpoTree?pStStudiumNr=&pSJNr=1621&pStpStpNr=5216&pStartSemester=,
16 Master of Science,160,Food Chemistry (kA/20221),Food Chemistry,120,4,https://campus.tum.de/wbstpcs.showSpoTree?pStStudiumNr=&pSJNr=1621&pStpStpNr=5018&pStartSemester=,
16 Master of Science,832,Food Technology (kA/20221),Food Technology,120,4,https://campus.tum.de/wbstpcs.showSpoTree?pStStudiumNr=&pSJNr=1621&pStpStpNr=5078&pStartSemester=,
16 Master of Science,751,Forest and Wood Science (kA/20221),Forestry / Forestry Science,120,4,https://campus.tum.de/wbstpcs.showSpoTree?pStStudiumNr=&pSJNr=1621&pStpStpNr=5024&pStartSemester=,
16 Master of Science,749,"Forest and Wood Science (Parttime, 66%) (kA/20221)",Forestry / Forestry Science,120,6,https://campus.tum.de/wbstpcs.showSpoTree?pStStudiumNr=&pSJNr=1621&pStpStpNr=5094&pStartSemester=,
16 Master of Science,332,Geodesy and Geoinformation (kA/20221; sb bis 30.09.2050),Surveying and Mapping,120,4,https://campus.tum.de/wbstpcs.showSpoTree?pStStudiumNr=&pSJNr=1621&pStpStpNr=4994&pStartSemester=,
16 Master of Science,137,Geomaterialien und Geochemie (kA/20191; sb bis 01.10.2050),Geoscience,120,4,https://campus.tum.de/wbstpcs.showSpoTree?pStStudiumNr=&pSJNr=1621&pStpStpNr=5337&pStartSemester=,
16 Master of Science,136,Geophysics (kA/20201; sb bis 01.10.2050),Geoscience,120,4,https://campus.tum.de/wbstpcs.showSpoTree?pStStudiumNr=&pSJNr=1621&pStpStpNr=5336&pStartSemester=,
16 Master of Science,322,GeoThermal Energy/GeoEnergy (kA/20181),Civil Engineering/Construction Engineering,,4,https://campus.tum.de/wbstpcs.showSpoTree?pStStudiumNr=&pSJNr=1621&pStpStpNr=4701&pStartSemester=,
16 Master of Science,507,Green Electronics (kA/20161),Electrical Engineering/Electronics,120,4,,
16 Master of Science,297,Health Science - Prevention and Health Promotion (kA/20241),Health Education,120,4,https://campus.tum.de/wbstpcs.showSpoTree?pStStudiumNr=&pSJNr=1621&pStpStpNr=5367&pStartSemester=,
16 Master of Science,719,Horticultural Science (kA/20191; sb bis 30.09.2030),Horticulture,120,4,https://campus.tum.de/wbstpcs.showSpoTree?pStStudiumNr=&pSJNr=1621&pStpStpNr=4869&pStartSemester=,
16 Master of Science,413,Industrial Biotechnology (kA/20241),Biotechnology,120,4,,
16 Master of Science,101,Industrial Chemistry (kA/0; sb bis 30.09.2039),Chemistry,120,4,https://campus.tum.de/wbstpcs.showSpoTree?pStStudiumNr=&pSJNr=1621&pStpStpNr=2684&pStartSemester=,
16 Master of Science,120,Information Engineering (kA/20241),Ingenieurinformatik/Technische Informatik,120,4,https://campus.tum.de/wbstpcs.showSpoTree?pStStudiumNr=&pSJNr=1621&pStpStpNr=5273&pStartSemester=,
16 Master of Science,121,Information Systems (kA/20221),Information Systems,120,4,https://campus.tum.de/wbstpcs.showSpoTree?pStStudiumNr=&pSJNr=1621&pStpStpNr=4997&pStartSemester=,
16 Master of Science,458,Information Technologies for the Built Environment (kA/20221),Civil Engineering/Construction Engineering,120,4,https://campus.tum.de/wbstpcs.showSpoTree?pStStudiumNr=&pSJNr=1621&pStpStpNr=5026&pStartSemester=,
16 Master of Science,104,Integrated Circuit Design (kA/0; sb bis 30.09.2039),Electrical Engineering/Electronics,,3,https://campus.tum.de/wbstpcs.showSpoTree?pStStudiumNr=&pSJNr=1621&pStpStpNr=3170&pStartSemester=,
16 Master of Science,135,Intellectual Property and Competition Law (kA/0; sb bis 30.09.2039),Commercial Law,,2,https://campus.tum.de/wbstpcs.showSpoTree?pStStudiumNr=&pSJNr=1621&pStpStpNr=3066&pStartSemester=,
16 Master of Science,334,Land Management and Geospatial Science (kA/20251),Aviation and Aerospace Engineering,120,4,,
16 Master of Science,326,Logistics Engineering and Management (kA/20241),Civil Engineering/Construction Engineering,,4,,
16 Master of Science,261,Management (kA/20251; sb bis 30.09.2050),Business Studies,120,4,https://campus.tum.de/wbstpcs.showSpoTree?pStStudiumNr=&pSJNr=1621&pStpStpNr=5390&pStartSemester=,
16 Master of Science,269,Management & Innovation (Heilbronn) (kA/20181; sb bis 30.09.2050),Business Sciences,120,4,https://campus.tum.de/wbstpcs.showSpoTree?pStStudiumNr=&pSJNr=1621&pStpStpNr=4717&pStartSemester=,
16 Master of Science,267,Management & Innovation (Munich) (kA/20181; sb bis 30.09.2050),Business Sciences,120,4,https://campus.tum.de/wbstpcs.showSpoTree?pStStudiumNr=&pSJNr=1621&pStpStpNr=4685&pStartSemester=,
16 Master of Science,277,Management and Digital Technology (kA/20241; sb bis 30.09.2050),Business Sciences,120,4,https://campus.tum.de/wbstpcs.showSpoTree?pStStudiumNr=&pSJNr=1621&pStpStpNr=5205&pStartSemester=,
16 Master of Science,274,Management and Technology (kA/20251; sb bis 30.09.2050),Business Sciences,120,4,https://campus.tum.de/wbstpcs.showSpoTree?pStStudiumNr=&pSJNr=1621&pStpStpNr=5386&pStartSemester=,
16 Master of Science,268,Masterstudiengang Management am Campus Heilbronn (kA/20251; sb bis 30.09.2050),Business Sciences,120,4,https://campus.tum.de/wbstpcs.showSpoTree?pStStudiumNr=&pSJNr=1621&pStpStpNr=5394&pStartSemester=,
16 Master of Science,436,Materials Science and Engineering (kA/20221),Interdisciplinary Studies (focus area: Engineering Studies),120,4,https://campus.tum.de/wbstpcs.showSpoTree?pStStudiumNr=&pSJNr=1621&pStpStpNr=5178&pStartSemester=,
16 Master of Science,400,Mechanical Engineering (kA/20241),Mechanical Engineering,120,4,https://campus.tum.de/wbstpcs.showSpoTree?pStStudiumNr=&pSJNr=1621&pStpStpNr=5343&pStartSemester=,
16 Master of Science,439,Mechatronics and Robotics (kA/20191),Mechanical Engineering,120,4,https://campus.tum.de/wbstpcs.showSpoTree?pStStudiumNr=&pSJNr=1621&pStpStpNr=4824&pStartSemester=,
16 Master of Science,460,"Mechatronics, Robotics, and Biomechanical Engineering (kA/20231)",Mechanical Engineering,120,4,https://campus.tum.de/wbstpcs.showSpoTree?pStStudiumNr=&pSJNr=1621&pStpStpNr=5185&pStartSemester=,
16 Master of Science,461,Medical Engineering (kA/20241),Mechanical Engineering,120,4,https://campus.tum.de/wbstpcs.showSpoTree?pStStudiumNr=&pSJNr=1621&pStpStpNr=5222&pStartSemester=,
16 Master of Science,522,Microelectronics and Chip Design (kA/20251),Electrical Engineering/Electronics,120,4,https://campus.tum.de/wbstpcs.showSpoTree?pStStudiumNr=&pSJNr=1621&pStpStpNr=5372&pStartSemester=,
16 Master of Science,831,Molecular Biotechnology (kA/20231),Biotechnology,120,4,https://campus.tum.de/wbstpcs.showSpoTree?pStStudiumNr=&pSJNr=1621&pStpStpNr=5142&pStartSemester=,
16 Master of Science,756,Nat. Conserv. & Landscape Planning (50%) (kA/20231),Nature Conservation,120,8,https://campus.tum.de/wbstpcs.showSpoTree?pStStudiumNr=&pSJNr=1621&pStpStpNr=5183&pStartSemester=,
16 Master of Science,757,Nat. Conserv. & Landscape Planning (66%) (kA/20231),Nature Conservation,120,6,https://campus.tum.de/wbstpcs.showSpoTree?pStStudiumNr=&pSJNr=1621&pStpStpNr=5145&pStartSemester=,
16 Master of Science,755,Nature Conservation & Landscape Planning (kA/20231),Nature Conservation,120,4,https://campus.tum.de/wbstpcs.showSpoTree?pStStudiumNr=&pSJNr=1621&pStpStpNr=5144&pStartSemester=,
16 Master of Science,762,Nutrition and Biomedicine (kA/20251),Household and Nutritional Science,120,,,
16 Master of Science,798,Pharmaceutical Bioprocess Engineering (kA/20221),Process Engineering,120,4,https://campus.tum.de/wbstpcs.showSpoTree?pStStudiumNr=&pSJNr=1621&pStpStpNr=5030&pStartSemester=,
16 Master of Science,265,Politics & Technology  (kA/20231),Political Science,120,4,https://campus.tum.de/wbstpcs.showSpoTree?pStStudiumNr=&pSJNr=1621&pStpStpNr=5192&pStartSemester=,
16 Master of Science,266,Politics & Technology (66%) (kA/20231),Political Science,120,6,https://campus.tum.de/wbstpcs.showSpoTree?pStStudiumNr=&pSJNr=1621&pStpStpNr=5193&pStartSemester=,
16 Master of Science,512,Power Engineering (kA/20221),Energy Technology (not including Electrical Engineering),120,4,https://campus.tum.de/wbstpcs.showSpoTree?pStStudiumNr=&pSJNr=1621&pStpStpNr=5029&pStartSemester=,
16 Master of Science,090,Quantum Science & Technology (kA/20201),Physics,120,4,https://campus.tum.de/wbstpcs.showSpoTree?pStStudiumNr=&pSJNr=1621&pStpStpNr=4911&pStartSemester=,
16 Master of Science,907,Radiation Biology (kA/20221),Biology,120,4,https://campus.tum.de/wbstpcs.showSpoTree?pStStudiumNr=&pSJNr=1621&pStpStpNr=5107&pStartSemester=,
16 Master of Science,325,Rail and Urban Transport (kA/20241),Civil Engineering/Construction Engineering,,4,,
16 Master of Science,323,"Rail, Transport and Logistics (kA/20191)",Civil Engineering/Construction Engineering,120,4,https://campus.tum.de/wbstpcs.showSpoTree?pStStudiumNr=&pSJNr=1621&pStpStpNr=4818&pStartSemester=,
16 Master of Science,321,Resource Efficient and Sustainable Building (kA/20231),Civil Engineering/Construction Engineering,120,4,https://campus.tum.de/wbstpcs.showSpoTree?pStStudiumNr=&pSJNr=1621&pStpStpNr=5190&pStartSemester=,
16 Master of Science,300,Risk and Safety (kA/20231),Interdisciplinary Studies (focus area: Engineering Studies),120,4,https://campus.tum.de/wbstpcs.showSpoTree?pStStudiumNr=&pSJNr=1621&pStpStpNr=5181&pStartSemester=,
16 Master of Science,442,Science and Technology of Materials (kA/20191),Mechanical Engineering,,4,https://campus.tum.de/wbstpcs.showSpoTree?pStStudiumNr=&pSJNr=1621&pStpStpNr=4833&pStartSemester=,
16 Master of Science,960,Social Science of Technology (kA/10402; sb bis 30.09.2051),Interdisciplinary Studies (focus area: Engineering Studies),,4,https://campus.tum.de/wbstpcs.showSpoTree?pStStudiumNr=&pSJNr=1621&pStpStpNr=2909&pStartSemester=,
16 Master of Science,185,Software Engineering Elite Course (kA/0; sb bis 30.09.2039),Computer Science,,4,https://campus.tum.de/wbstpcs.showSpoTree?pStStudiumNr=&pSJNr=1621&pStpStpNr=2777&pStartSemester=,
16 Master of Science,299,Sport and Exercise Science (kA/20241),Sports Science,120,4,https://campus.tum.de/wbstpcs.showSpoTree?pStStudiumNr=&pSJNr=1621&pStpStpNr=5368&pStartSemester=,
16 Master of Science,728,Sustainable Food (GIST TUM Asia) (kA/20241),Food Technology,120,4,https://campus.tum.de/wbstpcs.showSpoTree?pStStudiumNr=&pSJNr=1621&pStpStpNr=5252&pStartSemester=,
16 Master of Science,246,Sustainable Management and Technology (kA/20211; sb bis 30.09.2050),Business Sciences,120,4,https://campus.tum.de/wbstpcs.showSpoTree?pStStudiumNr=&pSJNr=1621&pStpStpNr=4941&pStartSemester=,
16 Master of Science,754,Sustainable Resource Management (kA/20241),Nature Conservation,120,4,https://campus.tum.de/wbstpcs.showSpoTree?pStStudiumNr=&pSJNr=1621&pStpStpNr=5345&pStartSemester=,
16 Master of Science,324,"Transport and Logistics (Parttime, 50%) (kA/20141)",Civil Engineering/Construction Engineering,,8,https://campus.tum.de/wbstpcs.showSpoTree?pStStudiumNr=&pSJNr=1621&pStpStpNr=4331&pStartSemester=,
16 Master of Science,313,Transportation Systems (kA/20211),Civil Engineering/Construction Engineering,120,4,https://campus.tum.de/wbstpcs.showSpoTree?pStStudiumNr=&pSJNr=1621&pStpStpNr=4945&pStartSemester=,
16 Master of Science,319,Urbanism - Urban and Landscape Studies and Design (kA/20211; sb bis 30.09.2050),Architecture,120,4,https://campus.tum.de/wbstpcs.showSpoTree?pStStudiumNr=&pSJNr=1621&pStpStpNr=4990&pStartSemester=,
16 Master of Science,275,Vocational Education and Innovation (kA/20221; sb bis 01.10.2050),Vocational Education,90,5,https://campus.tum.de/wbstpcs.showSpoTree?pStStudiumNr=&pSJNr=1621&pStpStpNr=5097&pStartSemester=,
16 Master of Science,085,Wirtschaftspädagogik I (kA/20241; sb bis 30.09.2050),Business Sciences,120,4,https://campus.tum.de/wbstpcs.showSpoTree?pStStudiumNr=&pSJNr=1621&pStpStpNr=5262&pStartSemester=,
16 Master of Science,086,Wirtschaftspädagogik II (kA/20241; sb bis 30.09.2050),Business Sciences,120,4,https://campus.tum.de/wbstpcs.showSpoTree?pStStudiumNr=&pSJNr=1621&pStpStpNr=5264&pStartSemester=,
17 Bachelor of Science,100,Chemistry (kA/20221),Chemistry,180,6,https://campus.tum.de/wbstpcs.showSpoTree?pStStudiumNr=&pSJNr=1621&pStpStpNr=5002&pStartSemester=,
17 Bachelor of Science,410,Engineering Science (kA/0; sb bis 30.09.2051),Interdisciplinary Studies (focus area: Engineering Studies),210,7,https://campus.tum.de/wbstpcs.showSpoTree?pStStudiumNr=&pSJNr=1621&pStpStpNr=2805&pStartSemester=,
17 Bachelor of Science,400,Mechanical Engineering (kA/20241),Mechanical Engineering,180,6,https://campus.tum.de/wbstpcs.showSpoTree?pStStudiumNr=&pSJNr=1621&pStpStpNr=5355&pStartSemester=,
17 Bachelor of Science,010,Mathematics (kA/20231),Mathematics,180,6,https://campus.tum.de/wbstpcs.showSpoTree?pStStudiumNr=&pSJNr=1621&pStpStpNr=5247&pStartSemester=,
17 Bachelor of Science,051,Physics (kA/20251),Physics,180,6,,
17 Bachelor of Science,437,Aerospace (kA/20241),Aviation and Aerospace Engineering,180,6,https://campus.tum.de/wbstpcs.showSpoTree?pStStudiumNr=&pSJNr=1621&pStpStpNr=5354&pStartSemester=,
17 Bachelor of Science,723,Agricultural Science and Horticultural Science (kA/20241),Agricultural Studies/Farming,180,6,https://campus.tum.de/wbstpcs.showSpoTree?pStStudiumNr=&pSJNr=1621&pStpStpNr=5248&pStartSemester=,
17 Bachelor of Science,105,Biochemistry (kA/20231),Biochemistry,180,6,https://campus.tum.de/wbstpcs.showSpoTree?pStStudiumNr=&pSJNr=1621&pStpStpNr=5187&pStartSemester=,
17 Bachelor of Science,993,Bioeconomics (kA/20211),Biotechnology,180,6,https://campus.tum.de/wbstpcs.showSpoTree?pStStudiumNr=&pSJNr=1621&pStpStpNr=4956&pStartSemester=,
17 Bachelor of Science,983,Bioeconomy (kA/20241),Biotechnology,180,6,,
17 Bachelor of Science,042,Bioinformatics (kA/20211; sb bis 30.09.2050),Computer Science,180,6,https://campus.tum.de/wbstpcs.showSpoTree?pStStudiumNr=&pSJNr=1621&pStpStpNr=5028&pStartSemester=,
17 Bachelor of Science,317,Bodenordnung und Landentwicklung (kA/20181),Surveying and Mapping,30,5,https://campus.tum.de/wbstpcs.showSpoTree?pStStudiumNr=&pSJNr=1621&pStpStpNr=4767&pStartSemester=,
17 Bachelor of Science,800,Brewing and Beverage Technology (kA/20221),Brewing/Beverage Technology,180,6,https://campus.tum.de/wbstpcs.showSpoTree?pStStudiumNr=&pSJNr=1621&pStpStpNr=5084&pStartSemester=,
17 Bachelor of Science,111,Chemical Biotechnology (kA/20231),Biotechnology,180,6,https://campus.tum.de/wbstpcs.showSpoTree?pStStudiumNr=&pSJNr=1621&pStpStpNr=5235&pStartSemester=,
17 Bachelor of Science,415,Chemical Engineering (kA/20251),Chemical Engineering,180,6,,
17 Bachelor of Science,310,Civil Engineering (kA/20241),Civil Engineering/Construction Engineering,180,6,,
17 Bachelor of Science,500,Electrical and Computer Engineering (kA/20231),Electrical Engineering/Electronics,180,6,https://campus.tum.de/wbstpcs.showSpoTree?pStStudiumNr=&pSJNr=1621&pStpStpNr=5135&pStartSemester=,
17 Bachelor of Science,462,Engineering- and Materials Science (kA/20241),Interdisciplinary Studies (focus area: Engineering Studies),,6,https://campus.tum.de/wbstpcs.showSpoTree?pStStudiumNr=&pSJNr=1621&pStpStpNr=5223&pStartSemester=,
17 Bachelor of Science,411,Engineering Science (kA/20241),Interdisciplinary Studies (focus area: Engineering Studies),210,6,,
17 Bachelor of Science,457,Environmental Engineering (kA/20241),Civil Engineering/Construction Engineering,180,6,,
17 Bachelor of Science,160,Food Chemistry (kA/20221),Food Chemistry,180,6,https://campus.tum.de/wbstpcs.showSpoTree?pStStudiumNr=&pSJNr=1621&pStpStpNr=5003&pStartSemester=,
17 Bachelor of Science,753,Forest Science and Resource Management (kA/20231),Forestry / Forestry Science,180,6,https://campus.tum.de/wbstpcs.showSpoTree?pStStudiumNr=&pSJNr=1621&pStpStpNr=5138&pStartSemester=,
17 Bachelor of Science,332,Geodesy and Geoinformation (kA/20241),Surveying and Mapping,180,6,,
17 Bachelor of Science,139,Geosciences (kA/0; sb bis 30.09.2051),Geoscience,180,6,https://campus.tum.de/wbstpcs.showSpoTree?pStStudiumNr=&pSJNr=1621&pStpStpNr=2587&pStartSemester=,
17 Bachelor of Science,202,Health Science (kA/20241),Health Education,180,6,https://campus.tum.de/wbstpcs.showSpoTree?pStStudiumNr=&pSJNr=1621&pStpStpNr=5365&pStartSemester=,
17 Bachelor of Science,030,Informatics (kA/20241),Computer Science,180,6,https://campus.tum.de/wbstpcs.showSpoTree?pStStudiumNr=&pSJNr=1621&pStpStpNr=5371&pStartSemester=,
17 Bachelor of Science,034,Informatics: Games Engineering (kA/20231; sb bis 30.09.2033),Computer Science,180,6,https://campus.tum.de/wbstpcs.showSpoTree?pStStudiumNr=&pSJNr=1621&pStpStpNr=5218&pStartSemester=,
17 Bachelor of Science,120,Information Engineering (kA/20211),Ingenieurinformatik/Technische Informatik,180,6,https://campus.tum.de/wbstpcs.showSpoTree?pStStudiumNr=&pSJNr=1621&pStpStpNr=4953&pStartSemester=,
17 Bachelor of Science,043,Information Systems (kA/20211),Information Systems,180,6,https://campus.tum.de/wbstpcs.showSpoTree?pStStudiumNr=&pSJNr=1621&pStpStpNr=4999&pStartSemester=,
17 Bachelor of Science,746,Landscape Architecture and Landscape Planning (kA/20231),Land Management Engineering/Landscape Design,240,8,https://campus.tum.de/wbstpcs.showSpoTree?pStStudiumNr=&pSJNr=1621&pStpStpNr=5143&pStartSemester=,
17 Bachelor of Science,832,Lebensmitteltechnologie (kA/20221),Food Technology,180,6,https://campus.tum.de/wbstpcs.showSpoTree?pStStudiumNr=&pSJNr=1621&pStpStpNr=5085&pStartSemester=,
17 Bachelor of Science,113,Life Sciences Biology (kA/20231),Biology,180,6,https://campus.tum.de/wbstpcs.showSpoTree?pStStudiumNr=&pSJNr=1621&pStpStpNr=5139&pStartSemester=,
17 Bachelor of Science,763,Life Sciences Nutrition (kA/20241),Biology,180,6,,
17 Bachelor of Science,278,Management and Data Science (Heilbronn) (kA/20241; sb bis 30.09.2050),Business Sciences,180,6,https://campus.tum.de/wbstpcs.showSpoTree?pStStudiumNr=&pSJNr=1621&pStpStpNr=5250&pStartSemester=,
17 Bachelor of Science,274,Management and Technology (kA/20231; sb bis 01.10.2050),Business Sciences,180,6,https://campus.tum.de/wbstpcs.showSpoTree?pStStudiumNr=&pSJNr=1621&pStpStpNr=5194&pStartSemester=,
17 Bachelor of Science,831,Molecular Biotechnology (kA/20231),Biotechnology,180,6,https://campus.tum.de/wbstpcs.showSpoTree?pStStudiumNr=&pSJNr=1621&pStpStpNr=5141&pStartSemester=,
17 Bachelor of Science,798,Pharmaceutical Bioprocessing Engineering (kA/20221),Process Engineering,180,6,https://campus.tum.de/wbstpcs.showSpoTree?pStStudiumNr=&pSJNr=1621&pStpStpNr=5086&pStartSemester=,
17 Bachelor of Science,262,Political Science  (kA/20251),Political Science,180,6,https://campus.tum.de/wbstpcs.showSpoTree?pStStudiumNr=&pSJNr=1621&pStpStpNr=5407&pStartSemester=,
17 Bachelor of Science,263,"Political Science (Parttime, 66%) (kA/20251)",Political Science,180,9,https://campus.tum.de/wbstpcs.showSpoTree?pStStudiumNr=&pSJNr=1621&pStpStpNr=5406&pStartSemester=,
17 Bachelor of Science,287,Sports Science (kA/20241),Sports Science,180,6,https://campus.tum.de/wbstpcs.showSpoTree?pStStudiumNr=&pSJNr=1621&pStpStpNr=5366&pStartSemester=,
17 Bachelor of Science,246,Sustainable Management and Technology (kA/20211; sb bis 30.09.2050),Business Sciences,180,6,https://campus.tum.de/wbstpcs.showSpoTree?pStStudiumNr=&pSJNr=1621&pStpStpNr=4954&pStartSemester=,
18 Master of Business Administration,259,Executive Master of Business Administration in Business & IT (kA/20151; sb bis 30.09.2050),Business Studies,90,4,https://campus.tum.de/wbstpcs.showSpoTree?pStStudiumNr=&pSJNr=1621&pStpStpNr=4491&pStartSemester=,
18 Master of Business Administration,276,Executive Master of Business Administration in Innovation & Business Creation (kA/20221; sb bis 30.09.2050),Business Studies,90,4,https://campus.tum.de/wbstpcs.showSpoTree?pStStudiumNr=&pSJNr=1621&pStpStpNr=5099&pStartSemester=,
18 Master of Business Administration,252,Executive Master of Business Administration (MBA) (kA/20151; sb bis 30.09.2050),Business Studies,90,4,https://campus.tum.de/wbstpcs.showSpoTree?pStStudiumNr=&pSJNr=1621&pStpStpNr=4582&pStartSemester=,
19 Bachelor of Education (vocational education),700,Agricultural Economy (kA/20241; sb bis 01.10.2050),Agricultural Studies/Farming,180,6,https://campus.tum.de/wbstpcs.showSpoTree?pStStudiumNr=&pSJNr=1621&pStpStpNr=5381&pStartSemester=,
19 Bachelor of Education (vocational education),320,Building Technology (kA/20231; sb bis 01.10.2050),Civil Engineering/Construction Engineering,180,6,https://campus.tum.de/wbstpcs.showSpoTree?pStStudiumNr=&pSJNr=1621&pStpStpNr=5200&pStartSemester=,
19 Bachelor of Education (vocational education),501,Electrical Engineering and Information Technology (kA/20231; sb bis 01.10.2050),Electrical Engineering/Electronics,180,6,https://campus.tum.de/wbstpcs.showSpoTree?pStStudiumNr=&pSJNr=1621&pStpStpNr=5201&pStartSemester=,
19 Bachelor of Education (vocational education),201,Health and Nursing Science (kA/20241; sb bis 01.10.2050),Health Education,180,6,https://campus.tum.de/wbstpcs.showSpoTree?pStStudiumNr=&pSJNr=1621&pStpStpNr=5380&pStartSemester=,
19 Bachelor of Education (vocational education),421,Metal Engineering (kA/20231; sb bis 01.10.2050),Metal Engineering,180,6,https://campus.tum.de/wbstpcs.showSpoTree?pStStudiumNr=&pSJNr=1621&pStpStpNr=5204&pStartSemester=,
19 Bachelor of Education (vocational education),190,Nutritional Science and Home Economics (kA/20231; sb bis 01.10.2050),Household and Nutritional Science,180,6,https://campus.tum.de/wbstpcs.showSpoTree?pStStudiumNr=&pSJNr=1621&pStpStpNr=5202&pStartSemester=,
20 Master of Science with Honours,310,Civil Engineering (kA/20121),Civil Engineering/Construction Engineering,,4,https://campus.tum.de/wbstpcs.showSpoTree?pStStudiumNr=&pSJNr=1621&pStpStpNr=4315&pStartSemester=,
21 State examination / teacher training for primary schools,006,Didaktikfach Sport (kA/20201),Sports Education/Sports Psychology,12,7,https://campus.tum.de/wbstpcs.showSpoTree?pStStudiumNr=&pSJNr=1621&pStpStpNr=4937&pStartSemester=,
21 State examination / teacher training for primary schools,007,1st subject at LMU (kA/20191; sb bis 30.09.2050),others,66,7,https://campus.tum.de/wbstpcs.showSpoTree?pStStudiumNr=&pSJNr=1621&pStpStpNr=4886&pStartSemester=,
23 State examination / teacher training at secondary schools,007,1st subject at LMU (kA/20191; sb bis 30.09.2050),others,72,7,https://campus.tum.de/wbstpcs.showSpoTree?pStStudiumNr=&pSJNr=1621&pStpStpNr=4883&pStartSemester=,
24 State examination / teacher training at middle schools,003,Didaktikfach Beruf und Wirtschaft (kA/20201; sb bis 30.09.2050),Labor Studies/Economics,21,7,https://campus.tum.de/wbstpcs.showSpoTree?pStStudiumNr=&pSJNr=1621&pStpStpNr=4942&pStartSemester=,
24 State examination / teacher training at middle schools,006,Didaktikfach Sport (kA/20201),Sports Education/Sports Psychology,21,7,https://campus.tum.de/wbstpcs.showSpoTree?pStStudiumNr=&pSJNr=1621&pStpStpNr=4938&pStartSemester=,
24 State examination / teacher training at middle schools,007 290,"1. Fach an der LMU; Sport, Sports (kA/20191; sb bis 30.09.2050)",others,66,6,https://campus.tum.de/wbstpcs.showSpoTree?pStStudiumNr=&pSJNr=1621&pStpStpNr=4885&pStartSemester=,
24 State examination / teacher training at middle schools,007,1. subject at LMU (kA/20201; sb bis 30.09.2050),others,,7,https://campus.tum.de/wbstpcs.showSpoTree?pStStudiumNr=&pSJNr=1621&pStpStpNr=4939&pStartSemester=,
25 State examination / teacher training at upper secondary schools,007,1st subject at LMU (kA/20191; sb bis 30.09.2050),others,105,9,https://campus.tum.de/wbstpcs.showSpoTree?pStStudiumNr=&pSJNr=1621&pStpStpNr=4880&pStartSemester=,
28 Master of Science (Elite graduate program),908,Biomedical Neuroscience (kA/20181),Medicine (General Medicine),120,4,https://campus.tum.de/wbstpcs.showSpoTree?pStStudiumNr=&pSJNr=1621&pStpStpNr=4681&pStartSemester=,
28 Master of Science (Elite graduate program),310,Civil Engineering (Honours program) (kA/20181),Civil Engineering/Construction Engineering,,4,,
28 Master of Science (Elite graduate program),331,Computational Mechanics (Honoursprogramm) (kA/20211),Civil Engineering/Construction Engineering,150,4,https://campus.tum.de/wbstpcs.showSpoTree?pStStudiumNr=&pSJNr=1621&pStpStpNr=5137&pStartSemester=,
28 Master of Science (Elite graduate program),064,Computational Science and Engineering (Honours Track)	 (kA/20211),Computer Science,150,4,https://campus.tum.de/wbstpcs.showSpoTree?pStStudiumNr=&pSJNr=1621&pStpStpNr=5101&pStartSemester=,
28 Master of Science (Elite graduate program),010,Mathematics (kA/20161),Mathematics,120,4,https://campus.tum.de/wbstpcs.showSpoTree?pStStudiumNr=&pSJNr=1621&pStpStpNr=4625&pStartSemester=,
28 Master of Science (Elite graduate program),084,Mathematics with additional doctoral degree program in Mathematics (kA/20231),Mathematics,120,4,https://campus.tum.de/wbstpcs.showSpoTree?pStStudiumNr=&pSJNr=1621&pStpStpNr=5195&pStartSemester=,
29 Master of Arts,350,Architecture (kA/20231; sb bis 30.09.2050),Architecture,120,4,https://campus.tum.de/wbstpcs.showSpoTree?pStStudiumNr=&pSJNr=1621&pStpStpNr=5182&pStartSemester=,
29 Master of Arts,712,Landscape Architecture (kA/20231),Land Management Engineering/Landscape Design,90,3,https://campus.tum.de/wbstpcs.showSpoTree?pStStudiumNr=&pSJNr=1621&pStpStpNr=5197&pStartSemester=,
29 Master of Arts,271,"Responsibility in Science, Engineering and Technology (RESET) (kA/20181)",Social Studies,120,4,https://campus.tum.de/wbstpcs.showSpoTree?pStStudiumNr=&pSJNr=1621&pStpStpNr=4773&pStartSemester=,
29 Master of Arts,083,Science and Technology Studies (STS) (kA/20181; sb bis 01.10.2050),no details/unexplained,120,4,https://campus.tum.de/wbstpcs.showSpoTree?pStStudiumNr=&pSJNr=1621&pStpStpNr=4772&pStartSemester=,
30 Bachelor of Arts,350,Architecture (kA/20221; sb bis 30.09.2040),Architecture,240,8,https://campus.tum.de/wbstpcs.showSpoTree?pStStudiumNr=&pSJNr=1621&pStpStpNr=5096&pStartSemester=,
31 State examination / teacher training for primary schools / extended,290,Sport Lehramt an Grundschulen Erweiterung oder Drittfach (kA/20191; sb bis 30.09.2050),Sports Education/Sports Psychology,66,6,https://campus.tum.de/wbstpcs.showSpoTree?pStStudiumNr=&pSJNr=1621&pStpStpNr=4888&pStartSemester=,
32 State examination / teacher training at lower secondary schools / extended,290,Sports (kA/20181; sb bis 30.09.2050),Sports Education/Sports Psychology,66,6,https://campus.tum.de/wbstpcs.showSpoTree?pStStudiumNr=&pSJNr=1621&pStpStpNr=4801&pStartSemester=,
33 State examination / teacher training at secondary schools / extended,290,Sports (kA/20191; sb bis 30.09.2050),Sports Education/Sports Psychology,72,7,https://campus.tum.de/wbstpcs.showSpoTree?pStStudiumNr=&pSJNr=1621&pStpStpNr=4884&pStartSemester=,
34 State examination / teacher training at upper secondary schools / extended,290,Sports (kA/20191; sb bis 30.09.2050),Sports Education/Sports Psychology,105,9,https://campus.tum.de/wbstpcs.showSpoTree?pStStudiumNr=&pSJNr=1621&pStpStpNr=4881&pStartSemester=,
35 State examination / teacher training at special schools / extended,290,Sports (kA/0; sb bis 30.09.2051),Sports Education/Sports Psychology,,3,,
37 Master of Education,110 100,"Biology, Chemistry (kA/20221; sb bis 30.09.2050)",Biology,120,4,https://campus.tum.de/wbstpcs.showSpoTree?pStStudiumNr=&pSJNr=1621&pStpStpNr=5087&pStartSemester=,
37 Master of Education,018 108,"Mathematics, Chemistry (kA/20221; sb bis 30.09.2050)",Mathematics,120,4,https://campus.tum.de/wbstpcs.showSpoTree?pStStudiumNr=&pSJNr=1621&pStpStpNr=5088&pStartSemester=,
37 Master of Education,016 028,"Mathematics, Computer Science (kA/20221; sb bis 30.09.2050)",Mathematics,120,4,https://campus.tum.de/wbstpcs.showSpoTree?pStStudiumNr=&pSJNr=1621&pStpStpNr=5118&pStartSemester=,
37 Master of Education,017 054,"Mathematics, Physics (kA/20221; sb bis 30.09.2050)",Mathematics,120,4,https://campus.tum.de/wbstpcs.showSpoTree?pStStudiumNr=&pSJNr=1621&pStpStpNr=5119&pStartSemester=,
37 Master of Education,016 290,"Mathematics, Sports (kA/20221; sb bis 30.09.2050)",Mathematics,120,4,https://campus.tum.de/wbstpcs.showSpoTree?pStStudiumNr=&pSJNr=1621&pStpStpNr=5089&pStartSemester=,
37 Master of Education,127 128,"Biology, Computer Science (kA/20231)",Biology,120,4,,
38 Master of Education  (vocational education),700,Agriculture (kA/20241; sb bis 30.09.2050),Agricultural Studies/Farming,120,4,https://campus.tum.de/wbstpcs.showSpoTree?pStStudiumNr=&pSJNr=1621&pStpStpNr=5261&pStartSemester=,
38 Master of Education  (vocational education),320,Building Technology (kA/20241; sb bis 30.09.2050),Civil Engineering/Construction Engineering,120,4,https://campus.tum.de/wbstpcs.showSpoTree?pStStudiumNr=&pSJNr=1621&pStpStpNr=5265&pStartSemester=,
38 Master of Education  (vocational education),093,Building Technology with related subject Wood Technology (kA/20241; sb bis 30.09.2050),Civil Engineering/Construction Engineering,120,4,https://campus.tum.de/wbstpcs.showSpoTree?pStStudiumNr=&pSJNr=1621&pStpStpNr=5338&pStartSemester=,
38 Master of Education  (vocational education),501,Electrical Engineering and Information Technology (kA/20241; sb bis 30.09.2050),Electrical Engineering/Electronics,120,4,https://campus.tum.de/wbstpcs.showSpoTree?pStStudiumNr=&pSJNr=1621&pStpStpNr=5266&pStartSemester=,
38 Master of Education  (vocational education),201,Health and Care Science (kA/20241; sb bis 30.09.2050),Health Education,120,4,https://campus.tum.de/wbstpcs.showSpoTree?pStStudiumNr=&pSJNr=1621&pStpStpNr=5268&pStartSemester=,
38 Master of Education  (vocational education),421,Metal Engineering (kA/20241; sb bis 30.09.2050),Metal Engineering,120,4,https://campus.tum.de/wbstpcs.showSpoTree?pStStudiumNr=&pSJNr=1621&pStpStpNr=5269&pStartSemester=,
38 Master of Education  (vocational education),190,Nutritional Science and Home Economics (kA/20241; sb bis 30.09.2050),Household and Nutritional Science,120,4,https://campus.tum.de/wbstpcs.showSpoTree?pStStudiumNr=&pSJNr=1621&pStpStpNr=5267&pStartSemester=,
39 Master of Education,170,Research on Teaching and Learning (kA/20201; sb bis 01.10.2050),Educational Science,120,4,https://campus.tum.de/wbstpcs.showSpoTree?pStStudiumNr=&pSJNr=1621&pStpStpNr=4922&pStartSemester=,
40 Vocational Education: complementary teaching subject (Certificate),144,Chemistry for Economic Education (kA/20231; sb bis 30.09.2050),Chemistry,75,6,,
40 Vocational Education: complementary teaching subject (Certificate),984,Extension of Degree Program Vocational Education: Additional Teaching Subject   (kA/20231; sb bis 30.09.2050),German Literature/Language,75,6,https://campus.tum.de/wbstpcs.showSpoTree?pStStudiumNr=&pSJNr=1621&pStpStpNr=5225&pStartSemester=,
40 Vocational Education: complementary teaching subject (Certificate),110,Extension of Degree Program Vocational Education: Additional Teaching Subject Bi (kA/20231; sb bis 30.09.2050),Biology,75,6,https://campus.tum.de/wbstpcs.showSpoTree?pStStudiumNr=&pSJNr=1621&pStpStpNr=5211&pStartSemester=,
40 Vocational Education: complementary teaching subject (Certificate),974,Extension of Degree Program Vocational Education: Additional Teaching Subject Ca (kA/20231; sb bis 30.09.2050),"Catholic Education, Church Education Work",75,6,https://campus.tum.de/wbstpcs.showSpoTree?pStStudiumNr=&pSJNr=1621&pStpStpNr=5232&pStartSemester=,
40 Vocational Education: complementary teaching subject (Certificate),100,Extension of Degree Program Vocational Education: Additional Teaching Subject Ch (kA/20231; sb bis 30.09.2050),Chemistry,75,6,https://campus.tum.de/wbstpcs.showSpoTree?pStStudiumNr=&pSJNr=1621&pStpStpNr=5212&pStartSemester=,
40 Vocational Education: complementary teaching subject (Certificate),971,Extension of Degree Program Vocational Education: Additional Teaching Subject En (kA/20231; sb bis 30.09.2050),English Studies/English,75,6,https://campus.tum.de/wbstpcs.showSpoTree?pStStudiumNr=&pSJNr=1621&pStpStpNr=5226&pStartSemester=,
40 Vocational Education: complementary teaching subject (Certificate),972,Extension of Degree Program Vocational Education: Additional Teaching Subject Ge (kA/20231; sb bis 30.09.2050),German Literature/Language,75,6,https://campus.tum.de/wbstpcs.showSpoTree?pStStudiumNr=&pSJNr=1621&pStpStpNr=5214&pStartSemester=,
40 Vocational Education: complementary teaching subject (Certificate),030,Extension of Degree Program Vocational Education: Additional Teaching Subject In (kA/20231; sb bis 30.09.2050),Computer Science,75,6,https://campus.tum.de/wbstpcs.showSpoTree?pStStudiumNr=&pSJNr=1621&pStpStpNr=5227&pStartSemester=,
40 Vocational Education: complementary teaching subject (Certificate),010,Extension of Degree Program Vocational Education: Additional Teaching Subject Ma (kA/20231; sb bis 30.09.2050),Mathematics,75,6,https://campus.tum.de/wbstpcs.showSpoTree?pStStudiumNr=&pSJNr=1621&pStpStpNr=5228&pStartSemester=,
40 Vocational Education: complementary teaching subject (Certificate),426,Extension of Degree Program Vocational Education: Additional Teaching Subject Me (kA/20231; sb bis 30.09.2050),Mechatronics,75,6,https://campus.tum.de/wbstpcs.showSpoTree?pStStudiumNr=&pSJNr=1621&pStpStpNr=5229&pStartSemester=,
40 Vocational Education: complementary teaching subject (Certificate),051,Extension of Degree Program Vocational Education: Additional Teaching Subject Ph (kA/20231; sb bis 30.09.2050),Physics,75,6,https://campus.tum.de/wbstpcs.showSpoTree?pStStudiumNr=&pSJNr=1621&pStpStpNr=5230&pStartSemester=,
40 Vocational Education: complementary teaching subject (Certificate),290,Extension of Degree Program Vocational Education: Additional Teaching Subject Ph (kA/20231; sb bis 30.09.2050),Sports Education/Sports Psychology,75,6,https://campus.tum.de/wbstpcs.showSpoTree?pStStudiumNr=&pSJNr=1621&pStpStpNr=5234&pStartSemester=,
40 Vocational Education: complementary teaching subject (Certificate),973,Extension of Degree Program Vocational Education: Additional Teaching Subject Pr (kA/20231; sb bis 30.09.2050),"Protestant Education, Church Education Work",75,6,https://campus.tum.de/wbstpcs.showSpoTree?pStStudiumNr=&pSJNr=1621&pStpStpNr=5231&pStartSemester=,
40 Vocational Education: complementary teaching subject (Certificate),272,Extension of Degree Program Vocational Education: Politics and Society (kA/20231; sb bis 30.09.2050),Social Studies,75,6,https://campus.tum.de/wbstpcs.showSpoTree?pStStudiumNr=&pSJNr=1621&pStpStpNr=5233&pStartSemester=,
40 Vocational Education: complementary teaching subject (Certificate),122,Informatics for Economic Education (kA/20231; sb bis 30.09.2050),Computer Science,75,6,,
40 Vocational Education: complementary teaching subject (Certificate),123,Mathematics for Economic Education (kA/20231; sb bis 30.09.2050),Mathematics,75,6,https://campus.tum.de/wbstpcs.showSpoTree?pStStudiumNr=&pSJNr=1621&pStpStpNr=5238&pStartSemester=,
40 Vocational Education: complementary teaching subject (Certificate),124,Physics for Economic Education (kA/20231; sb bis 30.09.2050),Physics,75,6,,
40 Vocational Education: complementary teaching subject (Certificate),126,Politics and Society for Economic Education (kA/20231; sb bis 30.09.2050),Political Science,75,6,https://campus.tum.de/wbstpcs.showSpoTree?pStStudiumNr=&pSJNr=1621&pStpStpNr=5241&pStartSemester=,
40 Vocational Education: complementary teaching subject (Certificate),994,Psychology with Focus on School Psychology (kA/20231; sb bis 30.09.2050),Psychology,135,12,https://campus.tum.de/wbstpcs.showSpoTree?pStStudiumNr=&pSJNr=1621&pStpStpNr=5210&pStartSemester=,
40 Vocational Education: complementary teaching subject (Certificate),125,Sports for Economic Education (kA/20231; sb bis 30.09.2050),Sports Education/Sports Psychology,75,6,https://campus.tum.de/wbstpcs.showSpoTree?pStStudiumNr=&pSJNr=1621&pStpStpNr=5240&pStartSemester=,
41 Education: complementary teaching subject (Certificate),110,Biology (kA/20241; sb bis 30.09.2050),Biology,,6,https://campus.tum.de/wbstpcs.showSpoTree?pStStudiumNr=&pSJNr=1621&pStpStpNr=5376&pStartSemester=,
41 Education: complementary teaching subject (Certificate),108,Chemistry (kA/20241; sb bis 30.09.2050),Chemistry,,6,https://campus.tum.de/wbstpcs.showSpoTree?pStStudiumNr=&pSJNr=1621&pStpStpNr=5377&pStartSemester=,
41 Education: complementary teaching subject (Certificate),028,Computer Science (kA/20241; sb bis 30.09.2050),Computer Science,,6,https://campus.tum.de/wbstpcs.showSpoTree?pStStudiumNr=&pSJNr=1621&pStpStpNr=5379&pStartSemester=,
41 Education: complementary teaching subject (Certificate),016,Mathematics (kA/20241; sb bis 30.09.2050),Mathematics,,6,https://campus.tum.de/wbstpcs.showSpoTree?pStStudiumNr=&pSJNr=1621&pStpStpNr=5378&pStartSemester=,
41 Education: complementary teaching subject (Certificate),054,Physics (kA/20151; sb bis 30.09.2050),Physics,104,6,https://campus.tum.de/wbstpcs.showSpoTree?pStStudiumNr=&pSJNr=1621&pStpStpNr=4559&pStartSemester=,
42 Master of Education  (vocational education integrated),501,Electrical Engineering and Information Technology (kA/20221; sb bis 30.09.2050),Electrical Engineering/Electronics,120,6,https://campus.tum.de/wbstpcs.showSpoTree?pStStudiumNr=&pSJNr=1621&pStpStpNr=5125&pStartSemester=,
42 Master of Education  (vocational education integrated),421,Metal Engineering (kA/20221; sb bis 30.09.2050),Metal Engineering,120,6,https://campus.tum.de/wbstpcs.showSpoTree?pStStudiumNr=&pSJNr=1621&pStpStpNr=5124&pStartSemester=,
43 State examination / teacher training at middle schools / extended,290,Sport Lehramt an Mittelschulen Erweiterung oder Drittfach (kA/20191; sb bis 30.09.2050),Sports Education/Sports Psychology,66,6,https://campus.tum.de/wbstpcs.showSpoTree?pStStudiumNr=&pSJNr=1621&pStpStpNr=4887&pStartSemester=,
44 Master of Laws,135,Intellectual Property and Competition Law (kA/20221; sb bis 30.09.2050),Commercial Law,,2,,
53 Master Brewer Diploma,810,Brewing Technology (Diplom-Braumeister) (kA/20221),Brewing/Beverage Technology,210,7,https://campus.tum.de/wbstpcs.showSpoTree?pStStudiumNr=&pSJNr=1621&pStpStpNr=5095&pStartSemester=,
60 Bachelor of Engineering in Chemical Engineering,118,Chemical Engineering (GIST TUM Asia) (kA/20201),Chemical Engineering,,8,,
61 Bachelor of Engineering in Electronics and Data Engineering,119,Electronics and Data Engineering (GIST TUM Asia) (kA/20201),Electrical Engineering/Electronics,,8,,
66 TUM Skills Excellence Program with certificate,636,TUM Skills Excellence Program (Aerospace and Geodesy) (kA/20211),Aviation and Aerospace Engineering,,2,https://campus.tum.de/wbstpcs.showSpoTree?pStStudiumNr=&pSJNr=1621&pStpStpNr=4965&pStartSemester=,
66 TUM Skills Excellence Program with certificate,652,TUM Skills Excellence Program (C. Straubing f. Biotechnology a. Sustainability) (kA/20211),Biotechnology,,2,,
66 TUM Skills Excellence Program with certificate,633,"TUM Skills Excellence Program (Dep. of Civil, Geo and Environmental Engineering) (kA/20211)",Civil Engineering/Construction Engineering,,2,https://campus.tum.de/wbstpcs.showSpoTree?pStStudiumNr=&pSJNr=1621&pStpStpNr=4962&pStartSemester=,
66 TUM Skills Excellence Program with certificate,634,TUM Skills Excellence Program (Department of Architecture) (kA/20211),Architecture,,2,https://campus.tum.de/wbstpcs.showSpoTree?pStStudiumNr=&pSJNr=1621&pStpStpNr=4963&pStartSemester=,
66 TUM Skills Excellence Program with certificate,630,TUM Skills Excellence Program (Department of Chemistry) (kA/20211),Chemistry,30,2,https://campus.tum.de/wbstpcs.showSpoTree?pStStudiumNr=&pSJNr=1621&pStpStpNr=4961&pStartSemester=,
66 TUM Skills Excellence Program with certificate,639,TUM Skills Excellence Program (Department of Informatics) (kA/20211),Computer Science,30,2,https://campus.tum.de/wbstpcs.showSpoTree?pStStudiumNr=&pSJNr=1621&pStpStpNr=4967&pStartSemester=,
66 TUM Skills Excellence Program with certificate,628,TUM Skills Excellence Program (Department of Mathematics) (kA/20211),Mathematics,30,2,https://campus.tum.de/wbstpcs.showSpoTree?pStStudiumNr=&pSJNr=1621&pStpStpNr=4959&pStartSemester=,
66 TUM Skills Excellence Program with certificate,635,TUM Skills Excellence Program (Department of Mechanical Engineering) (kA/20211),Mechanical Engineering,30,2,https://campus.tum.de/wbstpcs.showSpoTree?pStStudiumNr=&pSJNr=1621&pStpStpNr=4964&pStartSemester=,
66 TUM Skills Excellence Program with certificate,629,TUM Skills Excellence Program (Department of Physics) (kA/20211),Physics,30,2,https://campus.tum.de/wbstpcs.showSpoTree?pStStudiumNr=&pSJNr=1621&pStpStpNr=4960&pStartSemester=,
66 TUM Skills Excellence Program with certificate,653,TUM Skills Excellence Program (Munich School of Engineering) (kA/20211),Interdisciplinary Studies (focus area: Engineering Studies),30,2,https://campus.tum.de/wbstpcs.showSpoTree?pStStudiumNr=&pSJNr=1621&pStpStpNr=4984&pStartSemester=,
66 TUM Skills Excellence Program with certificate,641,TUM Skills Excellence Program (Sch. of Li.Sc. AG) (kA/20211),Agricultural Studies/Farming,30,2,https://campus.tum.de/wbstpcs.showSpoTree?pStStudiumNr=&pSJNr=1621&pStpStpNr=4976&pStartSemester=,
66 TUM Skills Excellence Program with certificate,640,TUM Skills Excellence Program (Sch. of Li.Sc. BB) (kA/20211),Biology,30,2,https://campus.tum.de/wbstpcs.showSpoTree?pStStudiumNr=&pSJNr=1621&pStpStpNr=4975&pStartSemester=,
66 TUM Skills Excellence Program with certificate,645,TUM Skills Excellence Program (Sch. of Li.Sc. BLB) (kA/20211),Brewing/Beverage Technology,30,2,https://campus.tum.de/wbstpcs.showSpoTree?pStStudiumNr=&pSJNr=1621&pStpStpNr=4980&pStartSemester=,
66 TUM Skills Excellence Program with certificate,644,TUM Skills Excellence Program (Sch. of Li.Sc. E) (kA/20211),Household and Nutritional Science,30,2,https://campus.tum.de/wbstpcs.showSpoTree?pStStudiumNr=&pSJNr=1621&pStpStpNr=4979&pStartSemester=,
66 TUM Skills Excellence Program with certificate,642,TUM Skills Excellence Program (Sch. of Li.Sc. FR) (kA/20211),Forestry / Forestry Science,30,2,https://campus.tum.de/wbstpcs.showSpoTree?pStStudiumNr=&pSJNr=1621&pStpStpNr=4977&pStartSemester=,
66 TUM Skills Excellence Program with certificate,643,TUM Skills Excellence Program (Sch. of Li.Sc. LL) (kA/20211),Land Management Engineering/Landscape Design,30,2,https://campus.tum.de/wbstpcs.showSpoTree?pStStudiumNr=&pSJNr=1621&pStpStpNr=4978&pStartSemester=,
66 TUM Skills Excellence Program with certificate,651,TUM Skills Excellence Program (Sch. of So.Sc. Go.) (kA/20211),Political Science,,2,https://campus.tum.de/wbstpcs.showSpoTree?pStStudiumNr=&pSJNr=1621&pStpStpNr=4983&pStartSemester=,
66 TUM Skills Excellence Program with certificate,650,TUM Skills Excellence Program (Sch. of So.Sc. T.) (kA/20211),Educational Science,,2,https://campus.tum.de/wbstpcs.showSpoTree?pStStudiumNr=&pSJNr=1621&pStpStpNr=4982&pStartSemester=,
66 TUM Skills Excellence Program with certificate,648,TUM Skills Excellence Program (TUM School of Education) (kA/20211),Educational Science,,2,https://campus.tum.de/wbstpcs.showSpoTree?pStStudiumNr=&pSJNr=1621&pStpStpNr=4970&pStartSemester=,
66 TUM Skills Excellence Program with certificate,637,TUM Skills Excellence Program (TUM School of Engineering and Design) (kA/20211),Interdisciplinary Studies (focus area: Engineering Studies),,2,https://campus.tum.de/wbstpcs.showSpoTree?pStStudiumNr=&pSJNr=1621&pStpStpNr=4981&pStartSemester=,
66 TUM Skills Excellence Program with certificate,649,TUM Skills Excellence Program (TUM School of Governance) (kA/20211),Political Science,30,2,https://campus.tum.de/wbstpcs.showSpoTree?pStStudiumNr=&pSJNr=1621&pStpStpNr=4971&pStartSemester=,
66 TUM Skills Excellence Program with certificate,632,TUM Skills Excellence Program (TUM School of Management Heilbronn) (kA/20211; sb bis 30.09.2050),Business Sciences,,2,,
66 TUM Skills Excellence Program with certificate,631,TUM Skills Excellence Program (TUM School of Management Munich) (kA/20211; sb bis 30.09.2050),Business Sciences,,2,https://campus.tum.de/wbstpcs.showSpoTree?pStStudiumNr=&pSJNr=1621&pStpStpNr=4973&pStartSemester=,
66 TUM Skills Excellence Program with certificate,646,TUM Skills Excellence Program (TUM School of Medicine) (kA/20211),Medicine (General Medicine),,2,https://campus.tum.de/wbstpcs.showSpoTree?pStStudiumNr=&pSJNr=1621&pStpStpNr=4968&pStartSemester=,
67 Application for Continuation of Enrollment after Graduation,115,TUM Campus Straubing (kA/20221),Biotechnology,,2,,
67 Application for Continuation of Enrollment after Graduation,683,"TUM School of Computation, Information and Technology (Elektro-/Informationstechnik) (kA/20221)",Electrical Engineering/Electronics,,2,,
67 Application for Continuation of Enrollment after Graduation,686,"TUM School of Computation, Information and Technology (Informatics) (kA/20221)",Computer Science,,2,,
67 Application for Continuation of Enrollment after Graduation,687,"TUM School of Computation, Information and Technology (Mathematics) (kA/20221)",Mathematics,,2,,
67 Application for Continuation of Enrollment after Graduation,656,TUM School of Engineering and Design (Aerospace) (kA/20221),Aviation and Aerospace Engineering,,2,,
67 Application for Continuation of Enrollment after Graduation,659,TUM School of Engineering and Design (Architecture) (kA/20221),Architecture,,2,,
67 Application for Continuation of Enrollment after Graduation,671,TUM School of Engineering and Design (Civil Engineering) (kA/20221),Civil Engineering/Construction Engineering,,2,,
67 Application for Continuation of Enrollment after Graduation,674,TUM School of Engineering and Design (Engineering Sciences) (kA/20221),Interdisciplinary Studies (focus area: Engineering Studies),,2,,
67 Application for Continuation of Enrollment after Graduation,654,TUM School of Engineering and Design (Geodesy) (kA/20221),Surveying and Mapping,,2,,
67 Application for Continuation of Enrollment after Graduation,672,TUM School of Engineering and Design (Geosciences) (kA/20221),Geoscience,,2,,
67 Application for Continuation of Enrollment after Graduation,658,TUM School of Engineering and Design (Landscape Architecture) (kA/20221),Land Management Engineering/Landscape Design,,2,,
67 Application for Continuation of Enrollment after Graduation,660,TUM School of Engineering and Design (Mechanical Engineering) (kA/20221),Mechanical Engineering,,2,,
67 Application for Continuation of Enrollment after Graduation,664,TUM School of Life Sciences (Agricult.) (kA/20221),Agricultural Studies/Farming,,2,,
67 Application for Continuation of Enrollment after Graduation,665,TUM School of Life Sciences (Biosciences) (kA/20221),Biology,,2,,
67 Application for Continuation of Enrollment after Graduation,666,TUM School of Life Sciences (Brewing and Food Technology) (kA/20221),Brewing/Beverage Technology,,2,,
67 Application for Continuation of Enrollment after Graduation,670,TUM School of Life Sciences (Food Chemistry) (kA/20221),Food Chemistry,,2,,
67 Application for Continuation of Enrollment after Graduation,668,TUM School of Life Sciences (Forest Science and Resource Management) (kA/20221),Forestry / Forestry Science,,2,,
67 Application for Continuation of Enrollment after Graduation,669,TUM School of Life Sciences (Landscape Architecture and Landscape Planning) (kA/20221),Land Management Engineering/Landscape Design,,2,,
67 Application for Continuation of Enrollment after Graduation,655,TUM School of Life Sciences (Nature Protection) (kA/20221),Nature Conservation,,2,,
67 Application for Continuation of Enrollment after Graduation,667,TUM School of Life Sciences (Nutrition) (kA/20221),Household and Nutritional Science,,2,,
67 Application for Continuation of Enrollment after Graduation,657,TUM School of Management (Heilbronn) (kA/20221; sb bis 30.09.2050),Business Sciences,,2,,
67 Application for Continuation of Enrollment after Graduation,661,TUM School of Management (München) (kA/20221; sb bis 30.09.2050),Business Sciences,,2,,
67 Application for Continuation of Enrollment after Graduation,697,TUM School of MH (Health) (kA/20251),Health Education,,2,,
67 Application for Continuation of Enrollment after Graduation,698,TUM School of MH (Sport) (kA/20251),Sports Science,,2,,
67 Application for Continuation of Enrollment after Graduation,684,TUM School of Natural Sciences (Chemistry) (kA/20221),Chemistry,,2,,
67 Application for Continuation of Enrollment after Graduation,685,TUM School of Natural Sciences (Food Chemistry) (kA/20221),Food Chemistry,,2,,
67 Application for Continuation of Enrollment after Graduation,689,TUM School of Natural Sciences (Physics) (kA/20221),Physics,,2,,
67 Application for Continuation of Enrollment after Graduation,662,TUM School of Social Sciences and Technology (Education) (kA/20221),Educational Science,,2,,
67 Application for Continuation of Enrollment after Graduation,663,TUM School of Social Sciences and Technology (Governance) (kA/20221),Political Science,,2,,
67 Application for Continuation of Enrollment after Graduation,673,"TUM School of Social Sciences and Technology (Science, Technology and Society) (kA/20221)",others,,2,,
70 Preparatory college certificate,437,Aerospace (kA/20251),Aviation and Aerospace Engineering,,6,https://campus.tum.de/wbstpcs.showSpoTree?pStStudiumNr=&pSJNr=1621&pStpStpNr=5404&pStartSemester=,
70 Preparatory college certificate,419,Aeronautics and Aerospace (kA/0),Aviation and Aerospace Engineering,,0,,
70 Preparatory college certificate,722,Agricultural Science and Horticultural Science (kA/0; sb bis 30.09.2030),Agricultural Studies/Farming,,0,https://campus.tum.de/wbstpcs.showSpoTree?pStStudiumNr=&pSJNr=1621&pStpStpNr=2788&pStartSemester=,
70 Preparatory college certificate,723,Agricultural Science and Horticultural Science (kA/0),Agricultural Studies/Farming,,0,,
70 Preparatory college certificate,701,Agricultural Studies (kA/0; sb bis 30.09.2030),Agricultural Studies/Farming,,0,https://campus.tum.de/wbstpcs.showSpoTree?pStStudiumNr=&pSJNr=1621&pStpStpNr=3064&pStartSemester=,
70 Preparatory college certificate,350,Architecture (kA/0; sb bis 30.09.2039),Architecture,,0,https://campus.tum.de/wbstpcs.showSpoTree?pStStudiumNr=&pSJNr=1621&pStpStpNr=2778&pStartSemester=,
70 Preparatory college certificate,105,Biochemistry (kA/0),Biochemistry,,0,https://campus.tum.de/wbstpcs.showSpoTree?pStStudiumNr=&pSJNr=1621&pStpStpNr=2694&pStartSemester=,
70 Preparatory college certificate,983,Bioeconomy (kA/0),Biotechnology,,0,,
70 Preparatory college certificate,116,Biogenic Materials (kA/20211),Biotechnology,,0,,
70 Preparatory college certificate,110,Biology (kA/0; sb bis 30.09.2051),Biology,,0,https://campus.tum.de/wbstpcs.showSpoTree?pStStudiumNr=&pSJNr=1621&pStpStpNr=2615&pStartSemester=,
70 Preparatory college certificate,993,Bioökonomie (kA/0),Biotechnology,,0,,
70 Preparatory college certificate,799,Bioprocessing Engineering (kA/0),Process Engineering,,2,https://campus.tum.de/wbstpcs.showSpoTree?pStStudiumNr=&pSJNr=1621&pStpStpNr=4159&pStartSemester=,
70 Preparatory college certificate,800,Brewing/Beverage Technology (kA/0; sb bis 30.09.2030),Brewing/Beverage Technology,,0,https://campus.tum.de/wbstpcs.showSpoTree?pStStudiumNr=&pSJNr=1621&pStpStpNr=2789&pStartSemester=,
70 Preparatory college certificate,415,Chemical Engineering (kA/0),Chemical Engineering,,0,https://campus.tum.de/wbstpcs.showSpoTree?pStStudiumNr=&pSJNr=1621&pStpStpNr=2700&pStartSemester=,
70 Preparatory college certificate,111,Chemische Biotechnologie (kA/0),Biotechnology,,0,,
70 Preparatory college certificate,100,Chemistry (kA/0),Chemistry,,0,https://campus.tum.de/wbstpcs.showSpoTree?pStStudiumNr=&pSJNr=1621&pStpStpNr=2518&pStartSemester=,
70 Preparatory college certificate,310,Civil Engineering (kA/0; sb bis 30.09.2051),Civil Engineering/Construction Engineering,,0,https://campus.tum.de/wbstpcs.showSpoTree?pStStudiumNr=&pSJNr=1621&pStpStpNr=2964&pStartSemester=,
70 Preparatory college certificate,760,Dietetics (kA/0),Household and Nutritional Science,,0,https://campus.tum.de/wbstpcs.showSpoTree?pStStudiumNr=&pSJNr=1621&pStpStpNr=3388&pStartSemester=,
70 Preparatory college certificate,500,Electrical Engineering and Information Technology (kA/0; sb bis 30.09.2051),Electrical Engineering/Electronics,,0,https://campus.tum.de/wbstpcs.showSpoTree?pStStudiumNr=&pSJNr=1621&pStpStpNr=2956&pStartSemester=,
70 Preparatory college certificate,424,Energy and Processing Technology (kA/0),Energy Technology (not including Electrical Engineering),,2,,
70 Preparatory college certificate,053,Engineering Physics (kA/0),Physics,,2,,
70 Preparatory college certificate,411,Engineering Science (kA/0; sb bis 30.09.2059),Interdisciplinary Studies (focus area: Engineering Studies),0,,https://campus.tum.de/wbstpcs.showSpoTree?pStStudiumNr=&pSJNr=1621&pStpStpNr=4394&pStartSemester=,
70 Preparatory college certificate,457,Environmental Engineering (kA/0),Civil Engineering/Construction Engineering,,0,https://campus.tum.de/wbstpcs.showSpoTree?pStStudiumNr=&pSJNr=1621&pStpStpNr=2547&pStartSemester=,
70 Preparatory college certificate,160,Food Chemistry (kA/0; sb bis 30.09.2036),Food Chemistry,,0,https://campus.tum.de/wbstpcs.showSpoTree?pStStudiumNr=&pSJNr=1621&pStpStpNr=2525&pStartSemester=,
70 Preparatory college certificate,832,Food Technology (kA/20241),Food Technology,,0,https://campus.tum.de/wbstpcs.showSpoTree?pStStudiumNr=&pSJNr=1621&pStpStpNr=5393&pStartSemester=,
70 Preparatory college certificate,830,Food Technology and Biotechnology (kA/0; sb bis 30.09.2030),Food Technology,,0,https://campus.tum.de/wbstpcs.showSpoTree?pStStudiumNr=&pSJNr=1621&pStpStpNr=2696&pStartSemester=,
70 Preparatory college certificate,750,Forestry Science (kA/0; sb bis 30.09.2030),Forestry / Forestry Science,,0,https://campus.tum.de/wbstpcs.showSpoTree?pStStudiumNr=&pSJNr=1621&pStpStpNr=2519&pStartSemester=,
70 Preparatory college certificate,753,Forestry Science and Resource Management (kA/0),Forestry / Forestry Science,,2,https://campus.tum.de/wbstpcs.showSpoTree?pStStudiumNr=&pSJNr=1621&pStpStpNr=4158&pStartSemester=,
70 Preparatory college certificate,332,Geodesy and Geoinformation (kA/0),Surveying and Mapping,,0,https://campus.tum.de/wbstpcs.showSpoTree?pStStudiumNr=&pSJNr=1621&pStpStpNr=2691&pStartSemester=,
70 Preparatory college certificate,130,Geology (kA/0),Geology/Paleontology,,0,https://campus.tum.de/wbstpcs.showSpoTree?pStStudiumNr=&pSJNr=1621&pStpStpNr=3157&pStartSemester=,
70 Preparatory college certificate,139,Geosciences (kA/0),Geoscience,,0,https://campus.tum.de/wbstpcs.showSpoTree?pStStudiumNr=&pSJNr=1621&pStpStpNr=3778&pStartSemester=,
70 Preparatory college certificate,202,Health Science (kA/0),Health Education,,0,,
70 Preparatory college certificate,721,Horticultural Sciences (kA/0; sb bis 30.09.2030),Horticulture,,0,https://campus.tum.de/wbstpcs.showSpoTree?pStStudiumNr=&pSJNr=1621&pStpStpNr=3146&pStartSemester=,
70 Preparatory college certificate,030,Informatics (kA/0; sb bis 30.09.2039),Computer Science,,0,https://campus.tum.de/wbstpcs.showSpoTree?pStStudiumNr=&pSJNr=1621&pStpStpNr=3139&pStartSemester=,
70 Preparatory college certificate,120,Information Engineering (kA/20211),Ingenieurinformatik/Technische Informatik,,0,,
70 Preparatory college certificate,043,Information Systems (kA/0),Information Systems,,0,https://campus.tum.de/wbstpcs.showSpoTree?pStStudiumNr=&pSJNr=1621&pStpStpNr=3145&pStartSemester=,
70 Preparatory college certificate,746,Landscape Architecture and Landscape Planning (kA/0),Land Management Engineering/Landscape Design,,0,https://campus.tum.de/wbstpcs.showSpoTree?pStStudiumNr=&pSJNr=1621&pStpStpNr=4254&pStartSemester=,
70 Preparatory college certificate,741,Landscape Architecture and Planning old (kA/0; sb bis 30.09.2036),Land Management Engineering/Landscape Design,,0,https://campus.tum.de/wbstpcs.showSpoTree?pStStudiumNr=&pSJNr=1621&pStpStpNr=2712&pStartSemester=,
70 Preparatory college certificate,763,Life Sciences Ernährungswissenschaft (kA/20191),Biology,,0,,
70 Preparatory college certificate,256,Management & Technology (kA/0; sb bis 30.09.2050),Business Studies,,0,https://campus.tum.de/wbstpcs.showSpoTree?pStStudiumNr=&pSJNr=1621&pStpStpNr=2967&pStartSemester=,
70 Preparatory college certificate,274,Management and Technology (kA/0; sb bis 30.09.2050),Business Sciences,,0,,
70 Preparatory college certificate,010,Mathematics (kA/0),Mathematics,,0,https://campus.tum.de/wbstpcs.showSpoTree?pStStudiumNr=&pSJNr=1621&pStpStpNr=2510&pStartSemester=,
70 Preparatory college certificate,401,Mechanical Engineering (kA/0),Mechanical Engineering,,0,https://campus.tum.de/wbstpcs.showSpoTree?pStStudiumNr=&pSJNr=1621&pStpStpNr=2876&pStartSemester=,
70 Preparatory college certificate,420,Mechatronics and Information Technology (kA/0),Mechatronics,,2,,
70 Preparatory college certificate,831,Molecular Biotechnology (kA/0; sb bis 30.09.2030),Biotechnology,,0,https://campus.tum.de/wbstpcs.showSpoTree?pStStudiumNr=&pSJNr=1621&pStpStpNr=3161&pStartSemester=,
70 Preparatory college certificate,761,Nutritional Science (kA/0; sb bis 30.09.2030),Household and Nutritional Science,,0,https://campus.tum.de/wbstpcs.showSpoTree?pStStudiumNr=&pSJNr=1621&pStpStpNr=2521&pStartSemester=,
70 Preparatory college certificate,051,Physics (kA/0),Physics,,0,,
70 Preparatory college certificate,262,Political Science  (kA/0),Political Science,,2,,
70 Preparatory college certificate,008,Propaedeutic (kA/0; sb bis 30.09.2039),others,,0,https://campus.tum.de/wbstpcs.showSpoTree?pStStudiumNr=&pSJNr=1621&pStpStpNr=3803&pStartSemester=,
70 Preparatory college certificate,804,Renewable Resources (kA/0),Agricultural Studies/Farming,,0,https://campus.tum.de/wbstpcs.showSpoTree?pStStudiumNr=&pSJNr=1621&pStpStpNr=4367&pStartSemester=,
70 Preparatory college certificate,340,"Restoration, Art Technology and Preservation Science (kA/0; sb bis 30.09.2022)",Restoration Studies,,0,https://campus.tum.de/wbstpcs.showSpoTree?pStStudiumNr=&pSJNr=1621&pStpStpNr=2972&pStartSemester=,
70 Preparatory college certificate,289,Scientific principles of Sports (kA/0),Sports Education/Sports Psychology,0,0,https://campus.tum.de/wbstpcs.showSpoTree?pStStudiumNr=&pSJNr=1621&pStpStpNr=4091&pStartSemester=,
70 Preparatory college certificate,291,Sports Science (kA/0; sb bis 30.09.2051),Sports Science,,0,https://campus.tum.de/wbstpcs.showSpoTree?pStStudiumNr=&pSJNr=1621&pStpStpNr=2686&pStartSemester=,
70 Preparatory college certificate,330,Surveying (kA/0),Surveying and Mapping,,0,https://campus.tum.de/wbstpcs.showSpoTree?pStStudiumNr=&pSJNr=1621&pStpStpNr=3395&pStartSemester=,
70 Preparatory college certificate,246,Sustainable Management and Technology (kA/20211; sb bis 30.09.2050),Business Sciences,,0,,
70 Preparatory college certificate,982,Technology of Biogenic Resources (kA/20211),Biotechnology,,0,,
70 Preparatory college certificate,986,Vorkurs Geflüchtete (zweisemestrig) (kA/20221),Preparatory College,,2,,
71 Preparatory college certificate (1 semester),987,Vorkurs für Geflüchtete Basiskurs (B1) (kA/20241),Preparatory College,,1,,
71 Preparatory college certificate (1 semester),988,Vorkurs für Geflüchtete Intensivkurs (A2+) (kA/20241),Preparatory College,,1,,
71 Preparatory college certificate (1 semester),981,Vorkurs Geflüchtete (kA/20171),Preparatory College,,1,,
90 Integrationsprogramm Ukraine ohne Abschluss,985,Integrationsprogramm Ukraine (kA/20221; sb bis 30.09.2050),no details/unexplained,,1,https://campus.tum.de/wbstpcs.showSpoTree?pStStudiumNr=&pSJNr=1621&pStpStpNr=5098&pStartSemester=,
91 Exchange program (Practical Project Students),350,Architecture (kA/20241),Architecture,,,,
91 Exchange program (Practical Project Students),110,Biology (kA/20241),Biology,,,,
91 Exchange program (Practical Project Students),100,Chemistry (kA/20241),Chemistry,,,https://campus.tum.de/wbstpcs.showSpoTree?pStStudiumNr=&pSJNr=1621&pStpStpNr=5312&pStartSemester=,
91 Exchange program (Practical Project Students),310,Civil Engineering (kA/20241),Civil Engineering/Construction Engineering,,,,
91 Exchange program (Practical Project Students),902,Clinical Medicine (kA/20241),Medicine (General Medicine),,,,
91 Exchange program (Practical Project Students),500,Electrical Engineering and Information Technology (kA/20241),Electrical Engineering/Electronics,,,,
91 Exchange program (Practical Project Students),411,Engineering Science (kA/20241),Interdisciplinary Studies (focus area: Engineering Studies),,,,
91 Exchange program (Practical Project Students),457,Environmental Engineering (kA/20241),Civil Engineering/Construction Engineering,,,,
91 Exchange program (Practical Project Students),437,Exchange Program Aerospace (Practical Project Students) (kA/20241),Aviation and Aerospace Engineering,,,,
91 Exchange program (Practical Project Students),400,Exchange Program Mechanical Engineering (Practical Project Students) (kA/20241),Mechanical Engineering,,,,
91 Exchange program (Practical Project Students),627,Exchange Program TUM School of Life Sciences (kA/20241),Agricultural Studies/Farming,,,,
91 Exchange program (Practical Project Students),806,Fakultät TUMCS (kA/20241),Biotechnology,,,https://campus.tum.de/wbstpcs.showSpoTree?pStStudiumNr=&pSJNr=1621&pStpStpNr=5285&pStartSemester=,
91 Exchange program (Practical Project Students),753,Forestry Science and Resource Management (kA/20241),Forestry / Forestry Science,,,,
91 Exchange program (Practical Project Students),332,Geodesy and Geoinformation (kA/20241),Surveying and Mapping,,,,
91 Exchange program (Practical Project Students),030,Informatics (kA/20241),Computer Science,,,,
91 Exchange program (Practical Project Students),256,Management & Technology (kA/20241),Business Studies,,,,
91 Exchange program (Practical Project Students),010,Mathematics (kA/20241),Mathematics,,,,
91 Exchange program (Practical Project Students),761,Nutritional Science (kA/20241),Household and Nutritional Science,,,,
91 Exchange program (Practical Project Students),051,Physics (kA/20241),Physics,,,https://campus.tum.de/wbstpcs.showSpoTree?pStStudiumNr=&pSJNr=1621&pStpStpNr=5314&pStartSemester=,
91 Exchange program (Practical Project Students),262,Political Science (kA/20241),Political Science,,,,
91 Exchange program (Practical Project Students),287,Practical Research Experience Program in Health and Sport Sciences (kA/20241),Sports Science,,,,
91 Exchange program (Practical Project Students),170,Research on Teaching and Learning (kA/20241),Educational Science,,,,
91 Exchange program (Practical Project Students),246,Sustainable Management and Technology (kA/20241),Business Sciences,,,,
91 Exchange program (Practical Project Students),625,TUM School of Life Sciences (Landscape) (kA/20241),Land Management Engineering/Landscape Design,,,,
91 Exchange program (Practical Project Students),623,TUM School of Life Sciences (Nutrition) (kA/20241),Household and Nutritional Science,,,,
91 Exchange program (Practical Project Students),621,TUM School of Life Sciences Weihenstephan (Biosiences) (kA/20241),Biology,,,,
91 Exchange program (Practical Project Students),622,TUM School of Life Sciences Weihenstephan (Brewing and Food Technology) (kA/20241),Brewing/Beverage Technology,,,,
91 Exchange program (Practical Project Students),624,TUM School of Life Sciences Weihenstephan (Forest Sci. and Resource Man.) (kA/20241),Forestry / Forestry Science,,,,
91 Exchange program (Practical Project Students),620,TUM School of Life Sciencesh (Agricult.) (kA/20241),Agricultural Studies/Farming,,,,
91 Exchange program (Practical Project Students),657,TUM School of MGT (Heilbronn) (kA/20241),Business Sciences,,,,
92 Graduate studies with certificate,040,Informatics (kA/20081; sb bis 30.09.2050),Computer Science,,3,https://campus.tum.de/wbstpcs.showSpoTree?pStStudiumNr=&pSJNr=1621&pStpStpNr=416&pStartSemester=,
93 Supplementary studies,419,Aerospace Engineering (kA/20171),Aviation and Aerospace Engineering,,2,https://campus.tum.de/wbstpcs.showSpoTree?pStStudiumNr=&pSJNr=1621&pStpStpNr=4674&pStartSemester=,
93 Supplementary studies,131,Geology and Geodesy (kA/20171),Geology/Paleontology,50,2,https://campus.tum.de/wbstpcs.showSpoTree?pStStudiumNr=&pSJNr=1621&pStpStpNr=4668&pStartSemester=,
94 Study orientation with certificate,081,studium MINT (kA/20241),Interdisciplinary Studies (focus area: Engineering Studies),25,,https://campus.tum.de/wbstpcs.showSpoTree?pStStudiumNr=&pSJNr=1621&pStpStpNr=5255&pStartSemester=,
95 No certificate,463,Cooperation PLUS (Engineering- and Materials Science) (kA/20241),Interdisciplinary Studies (focus area: Engineering Studies),,2,https://campus.tum.de/wbstpcs.showSpoTree?pStStudiumNr=&pSJNr=1621&pStpStpNr=5397&pStartSemester=,
95 No certificate,560,EuroTeQ (kA/20231),others,,1,,
95 No certificate,091,Guest auditor study course (kA/0),no details/unexplained,,1,,
95 No certificate,089,Guest auditor study course (over 8 SH/W) (kA/0),no details/unexplained,,1,,
95 No certificate,087,Guest auditor study course (1-4 SH/W) (kA/0),no details/unexplained,,1,,
95 No certificate,088,Guest auditor study course (5-8 SH/W) (kA/0),no details/unexplained,,1,,
96 Exchange program (subject to fees),419,Aeronautics and Aerospace (kA/20241),Aviation and Aerospace Engineering,,,,
96 Exchange program (subject to fees),350,Architecture (kA/20241),Architecture,,,,
96 Exchange program (subject to fees),500,Electrical Engineering and Information Technology (kA/20241),Electrical Engineering/Electronics,,,,
97 Supplementary / specialization studies with certificate,805,Module Studies in Brewing and Beverage Technology (kA/20151; sb bis 30.09.2040),Brewing/Beverage Technology,,2,https://campus.tum.de/wbstpcs.showSpoTree?pStStudiumNr=&pSJNr=1621&pStpStpNr=4459&pStartSemester=,
97 Supplementary / specialization studies with certificate,166,"Research, Leadership,and Social Responsibility (kA/20251)",Business Sciences,,4,,
98 Exchange program (not subject to fees),105,Biochemistry (kA/20241),Biochemistry,,,,
98 Exchange program (not subject to fees),100,Chemistry (kA/20241),Chemistry,,,https://campus.tum.de/wbstpcs.showSpoTree?pStStudiumNr=&pSJNr=1621&pStpStpNr=5311&pStartSemester=,
98 Exchange program (not subject to fees),902,Clinical Medicine (kA/20241),Medicine (General Medicine),,,,
98 Exchange program (not subject to fees),500,Electrical and Computer Engineering (kA/2),Electrical Engineering/Electronics,,,https://campus.tum.de/wbstpcs.showSpoTree?pStStudiumNr=&pSJNr=1621&pStpStpNr=5277&pStartSemester=,
98 Exchange program (not subject to fees),437,Exchange Program Aerospace (ISCED 0716) (kA/20241),Aviation and Aerospace Engineering,,,https://campus.tum.de/wbstpcs.showSpoTree?pStStudiumNr=&pSJNr=1621&pStpStpNr=5358&pStartSemester=,
98 Exchange program (not subject to fees),350,Exchange Program Architecture (ISCED 0731) (kA/20241),Architecture,,,https://campus.tum.de/wbstpcs.showSpoTree?pStStudiumNr=&pSJNr=1621&pStpStpNr=5289&pStartSemester=,
98 Exchange program (not subject to fees),310,Exchange Program Civil / Environmental / Geo Engineering (ISCED 0732) (kA/20241),Civil Engineering/Construction Engineering,,,https://campus.tum.de/wbstpcs.showSpoTree?pStStudiumNr=&pSJNr=1621&pStpStpNr=5292&pStartSemester=,
98 Exchange program (not subject to fees),332,Exchange Program Geodesy (ISCED 0532) (kA/20241),Surveying and Mapping,,,https://campus.tum.de/wbstpcs.showSpoTree?pStStudiumNr=&pSJNr=1621&pStpStpNr=5294&pStartSemester=,
98 Exchange program (not subject to fees),411,Exchange Program Interdisciplinary Engineering (ISCED 0710 + 0713) (kA/20241),Interdisciplinary Studies (focus area: Engineering Studies),,,https://campus.tum.de/wbstpcs.showSpoTree?pStStudiumNr=&pSJNr=1621&pStpStpNr=5298&pStartSemester=,
98 Exchange program (not subject to fees),400,Exchange Program Mechanical Engineering (ISCED 0715) (kA/20241),Mechanical Engineering,,,https://campus.tum.de/wbstpcs.showSpoTree?pStStudiumNr=&pSJNr=1621&pStpStpNr=5360&pStartSemester=,
98 Exchange program (not subject to fees),627,Exchange Program TUM School of Life Sciences (kA/20241),Agricultural Studies/Farming,,,https://campus.tum.de/wbstpcs.showSpoTree?pStStudiumNr=&pSJNr=1621&pStpStpNr=5300&pStartSemester=,
98 Exchange program (not subject to fees),657,Exchange program TUM School of Management (Heilbronn) (kA/20241; sb bis 30.09.2050),Business Sciences,,,https://campus.tum.de/wbstpcs.showSpoTree?pStStudiumNr=&pSJNr=1621&pStpStpNr=5306&pStartSemester=,
98 Exchange program (not subject to fees),256,Exchange program TUM School of Management (Munich) (kA/20241; sb bis 30.09.2050),Business Studies,,,https://campus.tum.de/wbstpcs.showSpoTree?pStStudiumNr=&pSJNr=1621&pStpStpNr=5304&pStartSemester=,
98 Exchange program (not subject to fees),246,Exchange program TUM School of Management (Straubing) (kA/20241; sb bis 30.09.2050),Business Sciences,,,https://campus.tum.de/wbstpcs.showSpoTree?pStStudiumNr=&pSJNr=1621&pStpStpNr=5302&pStartSemester=,
98 Exchange program (not subject to fees),806,Fakultät TUMCS (kA/20241),Biotechnology,,,https://campus.tum.de/wbstpcs.showSpoTree?pStStudiumNr=&pSJNr=1621&pStpStpNr=5284&pStartSemester=,
98 Exchange program (not subject to fees),130,Geology (kA/20241),Geology/Paleontology,,,,
98 Exchange program (not subject to fees),201,Health and Care Science (kA/20241),Health Education,,,,
98 Exchange program (not subject to fees),030,Informatics (kA/20241),Computer Science,,,https://campus.tum.de/wbstpcs.showSpoTree?pStStudiumNr=&pSJNr=1621&pStpStpNr=5280&pStartSemester=,
98 Exchange program (not subject to fees),444,Maschinenwesen USP (kA/20191),Mechanical Engineering,120,0,https://campus.tum.de/wbstpcs.showSpoTree?pStStudiumNr=&pSJNr=1621&pStpStpNr=4853&pStartSemester=,
98 Exchange program (not subject to fees),010,Mathematics (kA/20241),Mathematics,,,https://campus.tum.de/wbstpcs.showSpoTree?pStStudiumNr=&pSJNr=1621&pStpStpNr=5282&pStartSemester=,
98 Exchange program (not subject to fees),445,MCTS Austausch (kA/20241),Social Studies,,,,
98 Exchange program (not subject to fees),051,Physics (kA/20241),Physics,,,https://campus.tum.de/wbstpcs.showSpoTree?pStStudiumNr=&pSJNr=1621&pStpStpNr=5313&pStartSemester=,
98 Exchange program (not subject to fees),262,Political Science  (kA/20241),Political Science,,,https://campus.tum.de/wbstpcs.showSpoTree?pStStudiumNr=&pSJNr=1621&pStpStpNr=5315&pStartSemester=,
98 Exchange program (not subject to fees),170,Research on Teaching and Learning (kA/20241),Educational Science,,,,
98 Exchange program (not subject to fees),083,Science and Technology Studies (STS) (kA/20241),no details/unexplained,,,https://campus.tum.de/wbstpcs.showSpoTree?pStStudiumNr=&pSJNr=1621&pStpStpNr=5331&pStartSemester=,
98 Exchange program (not subject to fees),291,Sports Science (kA/20241),Sports Science,,,https://campus.tum.de/wbstpcs.showSpoTree?pStStudiumNr=&pSJNr=1621&pStpStpNr=5310&pStartSemester=,
99 Certificate of participation in the integration program,980,Auditor Program for Refugees (kA/20161),no details/unexplained,,1,,
